id,normalized_name,upt_id,ultg_id
MTU-GI-KHS-8ec4137f100d9d9f765b09cb,GI 150KV NEW NGANJUK,UPT-MDN,MTU-ULTG-UPT-MDN-MADIUN
MTU-GI-KHS-a96b369b281b59522af8f37e,GI KARANGKATES,UPT-MLG,MTU-ULTG-UPT-MLG-MALANG
MTU-GI-KHS-ceef28ec335e2111efb0ca7e,GI 150KV CARUBAN,UPT-MDN,MTU-ULTG-UPT-MDN-MADIUN
MTU-GI-UPT-BLI-GI-150KV-AMLAPURA,GI 150KV AMLAPURA,UPT-BLI,MTU-ULTG-UPT-BLI-BALI-SELATAN
MTU-GI-UPT-BLI-GI-150KV-ANTOSARI-8f2cb2ca5a8211c9,GI 150KV ANTOSARI,UPT-BLI,MTU-ULTG-UPT-BLI-BALI-UTARA
MTU-GI-UPT-BLI-GI-150KV-BATURITI-aaa495593e39029a,GI 150KV BATURITI,UPT-BLI,MTU-ULTG-UPT-BLI-BALI-UTARA
MTU-GI-UPT-BLI-GI-150KV-GIANYAR,GI 150KV GIANYAR,UPT-BLI,MTU-ULTG-UPT-BLI-BALI-SELATAN
MTU-GI-UPT-BLI-GI-150KV-GILIMANUK,GI 150KV GILIMANUK,UPT-BLI,MTU-ULTG-UPT-BLI-BALI-UTARA
MTU-GI-UPT-BLI-GI-150KV-KAPAL,GI 150KV KAPAL,UPT-BLI,MTU-ULTG-UPT-BLI-BALI-UTARA
MTU-GI-UPT-BLI-GI-150KV-KUBU-414505700c253af5,GI 150KV KUBU,UPT-BLI,MTU-ULTG-UPT-BLI-BALI-SELATAN
MTU-GI-UPT-BLI-GI-150KV-NEGARA,GI 150KV NEGARA,UPT-BLI,MTU-ULTG-UPT-BLI-BALI-UTARA
MTU-GI-UPT-BLI-GI-150KV-NUSADUA,GI 150KV NUSADUA,UPT-BLI,MTU-ULTG-UPT-BLI-BALI-SELATAN
MTU-GI-UPT-BLI-GI-150KV-PADANG-SAMBIAN-259c58a2990f0d0f,GI 150KV PADANG SAMBIAN,UPT-BLI,MTU-ULTG-UPT-BLI-BALI-SELATAN
MTU-GI-UPT-BLI-GI-150KV-PAYANGAN-d4a07fcc94285991,GI 150KV PAYANGAN,UPT-BLI,MTU-ULTG-UPT-BLI-BALI-UTARA
MTU-GI-UPT-BLI-GI-150KV-PEMARON,GI 150KV PEMARON,UPT-BLI,MTU-ULTG-UPT-BLI-BALI-UTARA
MTU-GI-UPT-BLI-GI-150KV-PEMECUTAN-KELOD-b5092250971ccdd1,GI 150KV PEMECUTAN KELOD,UPT-BLI,MTU-ULTG-UPT-BLI-BALI-SELATAN
MTU-GI-UPT-BLI-GI-150KV-PESANGGARAN-158430b58f6e60c7,GI 150KV PESANGGARAN,UPT-BLI,MTU-ULTG-UPT-BLI-BALI-SELATAN
MTU-GI-UPT-BLI-GI-150KV-SANUR-ad77a05028977661,GI 150KV SANUR,UPT-BLI,MTU-ULTG-UPT-BLI-BALI-SELATAN
MTU-GI-UPT-BLI-GIS-150KV-BANDARA-NGURAHRAI-698a45f5362b598a,GIS 150KV BANDARA NGURAHRAI,UPT-BLI,MTU-ULTG-UPT-BLI-BALI-SELATAN
MTU-GI-UPT-BLI-GIS-150KV-CELUKAN-BAWANG-7d99c16ec4ff74f3,GIS 150KV CELUKAN BAWANG,UPT-BLI,MTU-ULTG-UPT-BLI-BALI-UTARA
MTU-GI-UPT-BLI-GIS-150KV-PECATU-629ddec2e1597fbc,GIS 150KV PECATU,UPT-BLI,MTU-ULTG-UPT-BLI-BALI-SELATAN
MTU-GI-UPT-BLI-GIS-150KV-PESANGGARAN-97b6fd1c336eca8e,GIS 150KV PESANGGARAN,UPT-BLI,MTU-ULTG-UPT-BLI-BALI-SELATAN
MTU-GI-UPT-BLI-GIS-150KV-TANAH-LOT-5a23d470b99d10c3,GIS 150KV TANAH LOT,UPT-BLI,MTU-ULTG-UPT-BLI-BALI-UTARA
MTU-GI-UPT-GRS-GI-150KV-ALTAPRIMA-c82e95980ceddb9c,GI 150KV ALTAPRIMA,UPT-GRS,MTU-ULTG-UPT-GRS-GRESIK
MTU-GI-UPT-GRS-GI-150KV-BANGKALAN,GI 150KV BANGKALAN,UPT-GRS,MTU-ULTG-UPT-GRS-SAMPANG
MTU-GI-UPT-GRS-GI-150KV-BUNGAH-2a1753ca747a4a19,GI 150KV BUNGAH,UPT-GRS,MTU-ULTG-UPT-GRS-GRESIK
MTU-GI-UPT-GRS-GI-150KV-CERME,GI 150KV CERME,UPT-GRS,MTU-ULTG-UPT-GRS-GRESIK
MTU-GI-UPT-GRS-GI-150KV-GILITIMUR,GI 150KV GILITIMUR,UPT-GRS,MTU-ULTG-UPT-GRS-SAMPANG
MTU-GI-UPT-GRS-GI-150KV-GULUK-GULUK,GI 150KV GULUK GULUK,UPT-GRS,MTU-ULTG-UPT-GRS-SAMPANG
MTU-GI-UPT-GRS-GI-150KV-GULUK-GULUK-e667ca710e304e4c,GI 150KV GULUK-GULUK,UPT-GRS,MTU-ULTG-UPT-GRS-SAMPANG
MTU-GI-UPT-GRS-GI-150KV-MANYAR,GI 150KV MANYAR,UPT-GRS,MTU-ULTG-UPT-GRS-GRESIK
MTU-GI-UPT-GRS-GI-150KV-PAMEKASAN-d0863a4a6e059387,GI 150KV PAMEKASAN,UPT-GRS,MTU-ULTG-UPT-GRS-SAMPANG
MTU-GI-UPT-GRS-GI-150KV-PETROKIMIA,GI 150KV PETROKIMIA,UPT-GRS,MTU-ULTG-UPT-GRS-GRESIK
MTU-GI-UPT-GRS-GI-150KV-PLTU-GRESIK,GI 150KV PLTU GRESIK,UPT-GRS,MTU-ULTG-UPT-GRS-GRESIK
MTU-GI-UPT-GRS-GI-150KV-SAMBIKEREP-5e914dee41402ff4,GI 150KV SAMBIKEREP,UPT-GRS,MTU-ULTG-UPT-GRS-GRESIK
MTU-GI-UPT-GRS-GI-150KV-SAMPANG-567296a8598bf4bd,GI 150KV SAMPANG,UPT-GRS,MTU-ULTG-UPT-GRS-SAMPANG
MTU-GI-UPT-GRS-GI-150KV-SEGOROMADU-ef349984c3c145b4,GI 150KV SEGOROMADU,UPT-GRS,MTU-ULTG-UPT-GRS-GRESIK
MTU-GI-UPT-GRS-GI-150KV-SUMENEP-4ed85b2f4ccae079,GI 150KV SUMENEP,UPT-GRS,MTU-ULTG-UPT-GRS-SAMPANG
MTU-GI-UPT-GRS-GI-150KV-WILMAR-21e8b2bad98d82ef,GI 150KV WILMAR,UPT-GRS,MTU-ULTG-UPT-GRS-GRESIK
MTU-GI-UPT-GRS-GI-70KV-BARATA-b7a6cc1310843034,GI 70KV BARATA,UPT-GRS,MTU-ULTG-UPT-GRS-GRESIK
MTU-GI-UPT-GRS-GI-70KV-MANYAR-4d8af2db31429d66,GI 70KV MANYAR,UPT-GRS,MTU-ULTG-UPT-GRS-GRESIK
MTU-GI-UPT-GRS-GI-70KV-MASPIONSBM-6e6b4f3e7e608ac4,GI 70KV MASPIONSBM,UPT-GRS,MTU-ULTG-UPT-GRS-GRESIK
MTU-GI-UPT-GRS-GI-70KV-SEGOROMADU,GI 70KV SEGOROMADU,UPT-GRS,MTU-ULTG-UPT-GRS-GRESIK
MTU-GI-UPT-GRS-GI-70KV-SEMENGRESIK-12c165ccfb10ded2,GI 70KV SEMENGRESIK,UPT-GRS,MTU-ULTG-UPT-GRS-GRESIK
MTU-GI-UPT-GRS-GIS-150KV-GRESIK-cef86f1f6e699c73,GIS 150KV GRESIK,UPT-GRS,MTU-ULTG-UPT-GRS-GRESIK
MTU-GI-UPT-GRS-GIS-150KV-TANDES-bc49cb78bb7585e8,GIS 150KV TANDES,UPT-GRS,MTU-ULTG-UPT-GRS-GRESIK
MTU-GI-UPT-GRS-GISTET-500KV-GRESIK-244d032dca4d67ea,GISTET 500KV GRESIK,UPT-GRS,MTU-ULTG-UPT-GRS-GRESIK
MTU-GI-UPT-MDN-GI-150KV-BABAT,GI 150KV BABAT,UPT-MDN,MTU-ULTG-UPT-MDN-BABAT
MTU-GI-UPT-MDN-GI-150KV-BANARAN-f8385c5552475aca,GI 150KV BANARAN,UPT-MDN,MTU-ULTG-UPT-MDN-KEDIRI
MTU-GI-UPT-MDN-GI-150KV-BOJONEGORO-f6abd84f112ba707,GI 150KV BOJONEGORO,UPT-MDN,MTU-ULTG-UPT-MDN-BABAT
MTU-GI-UPT-MDN-GI-150KV-JATIGEDONG-30f1115f86bd204c,GI 150KV JATIGEDONG,UPT-MDN,MTU-ULTG-UPT-MDN-BABAT
MTU-GI-UPT-MDN-GI-150KV-JAYAKERTAS-f94f3f0c9c98a7e6,GI 150KV JAYAKERTAS,UPT-MDN,MTU-ULTG-UPT-MDN-KEDIRI
MTU-GI-UPT-MDN-GI-150KV-JOMBANG-c6e5785371249833,GI 150KV JOMBANG,UPT-MDN,MTU-ULTG-UPT-MDN-KEDIRI
MTU-GI-UPT-MDN-GI-150KV-KEDIRI,GI 150KV KEDIRI,UPT-MDN,MTU-ULTG-UPT-MDN-KEDIRI
MTU-GI-UPT-MDN-GI-150KV-KEREK,GI 150KV KEREK,UPT-MDN,MTU-ULTG-UPT-MDN-BABAT
MTU-GI-UPT-MDN-GI-150KV-KERTOSONO-dc2393c713eab9d1,GI 150KV KERTOSONO,UPT-MDN,MTU-ULTG-UPT-MDN-KEDIRI
MTU-GI-UPT-MDN-GI-150KV-LAMONGAN-a3b8b065cb1c0940,GI 150KV LAMONGAN,UPT-MDN,MTU-ULTG-UPT-MDN-BABAT
MTU-GI-UPT-MDN-GI-150KV-MANISREJO,GI 150KV MANISREJO,UPT-MDN,MTU-ULTG-UPT-MDN-MADIUN
MTU-GI-UPT-MDN-GI-150KV-MLIWANG-1f491ee5ea63067d,GI 150KV MLIWANG,UPT-MDN,MTU-ULTG-UPT-MDN-BABAT
MTU-GI-UPT-MDN-GI-150KV-NEWPACITAN-88f1d4b208729db7,GI 150KV NEWPACITAN,UPT-MDN,MTU-ULTG-UPT-MDN-MADIUN
MTU-GI-UPT-MDN-GI-150KV-NEWPONOROGO-10277bd25a02c7c9,GI 150KV NEWPONOROGO,UPT-MDN,MTU-ULTG-UPT-MDN-MADIUN
MTU-GI-UPT-MDN-GI-150KV-NEWTULUNGAGUNG-fa4ed2495a6e2db5,GI 150KV NEWTULUNGAGUNG,UPT-MDN,MTU-ULTG-UPT-MDN-KEDIRI
MTU-GI-UPT-MDN-GI-150KV-NGANJUK-II-7a4a9613f006aa6e,GI 150KV NGANJUK II,UPT-MDN,MTU-ULTG-UPT-MDN-MADIUN
MTU-GI-UPT-MDN-GI-150KV-NGAWI,GI 150KV NGAWI,UPT-MDN,MTU-ULTG-UPT-MDN-MADIUN
MTU-GI-UPT-MDN-GI-150KV-NGIMBANG,GI 150KV NGIMBANG,UPT-MDN,MTU-ULTG-UPT-MDN-BABAT
MTU-GI-UPT-MDN-GI-150KV-PACIRAN-530b7eff2f3e07db,GI 150KV PACIRAN,UPT-MDN,MTU-ULTG-UPT-MDN-BABAT
MTU-GI-UPT-MDN-GI-150KV-SEMENTUBAN-3-ca8dcfcca3f6e938,GI 150KV SEMENTUBAN 3,UPT-MDN,MTU-ULTG-UPT-MDN-BABAT
MTU-GI-UPT-MDN-GI-150KV-SURYAZIGZAG,GI 150KV SURYAZIGZAG,UPT-MDN,MTU-ULTG-UPT-MDN-KEDIRI
MTU-GI-UPT-MDN-GI-150KV-TANJUNG-AWAR-AWAR-3a041f23e60f359c,GI 150KV TANJUNG AWAR AWAR,UPT-MDN,MTU-ULTG-UPT-MDN-BABAT
MTU-GI-UPT-MDN-GI-150KV-TUBAN,GI 150KV TUBAN,UPT-MDN,MTU-ULTG-UPT-MDN-BABAT
MTU-GI-UPT-MDN-GI-30KV-DOLOPO-7275c9c1a2e6e566,GI 30KV DOLOPO,UPT-MDN,MTU-ULTG-UPT-MDN-MADIUN
MTU-GI-UPT-MDN-GI-30KV-GIRINGAN-68577853a06f25b1,GI 30KV GIRINGAN,UPT-MDN,MTU-ULTG-UPT-MDN-MADIUN
MTU-GI-UPT-MDN-GI-30KV-GOLANG-2ecad890eef979aa,GI 30KV GOLANG,UPT-MDN,MTU-ULTG-UPT-MDN-MADIUN
MTU-GI-UPT-MDN-GI-30KV-NGEBEL-0c5a6f22605afa40,GI 30KV NGEBEL,UPT-MDN,MTU-ULTG-UPT-MDN-MADIUN
MTU-GI-UPT-MDN-GI-30KV-TULUNGAGUNG-903d8d0c76afa936,GI 30KV TULUNGAGUNG,UPT-MDN,MTU-ULTG-UPT-MDN-KEDIRI
MTU-GI-UPT-MDN-GI-70KV-BANARAN,GI 70KV BANARAN,UPT-MDN,MTU-ULTG-UPT-MDN-KEDIRI
MTU-GI-UPT-MDN-GI-70KV-BLITAR-BARU,GI 70KV BLITAR BARU,UPT-MDN,MTU-ULTG-UPT-MDN-KEDIRI
MTU-GI-UPT-MDN-GI-70KV-CARUBAN-bafc995256555b9c,GI 70KV CARUBAN,UPT-MDN,MTU-ULTG-UPT-MDN-MADIUN
MTU-GI-UPT-MDN-GI-70KV-DOLOPO,GI 70KV DOLOPO,UPT-MDN,MTU-ULTG-UPT-MDN-MADIUN
MTU-GI-UPT-MDN-GI-70KV-GUDANGGARAM-6409d92e40cd308b,GI 70KV GUDANGGARAM,UPT-MDN,MTU-ULTG-UPT-MDN-KEDIRI
MTU-GI-UPT-MDN-GI-70KV-KERTOSONO,GI 70KV KERTOSONO,UPT-MDN,MTU-ULTG-UPT-MDN-KEDIRI
MTU-GI-UPT-MDN-GI-70KV-MAGETAN-bb4a4e9e5afbf0a5,GI 70KV MAGETAN,UPT-MDN,MTU-ULTG-UPT-MDN-MADIUN
MTU-GI-UPT-MDN-GI-70KV-MANISREJO,GI 70KV MANISREJO,UPT-MDN,MTU-ULTG-UPT-MDN-MADIUN
MTU-GI-UPT-MDN-GI-70KV-MRANGGEN,GI 70KV MRANGGEN,UPT-MDN,MTU-ULTG-UPT-MDN-MADIUN
MTU-GI-UPT-MDN-GI-70KV-NGANJUK-031cb0682b3edbb7,GI 70KV NGANJUK,UPT-MDN,MTU-ULTG-UPT-MDN-MADIUN
MTU-GI-UPT-MDN-GI-70KV-PACITAN-052586919e420f0a,GI 70KV PACITAN,UPT-MDN,MTU-ULTG-UPT-MDN-MADIUN
MTU-GI-UPT-MDN-GI-70KV-PARE,GI 70KV PARE,UPT-MDN,MTU-ULTG-UPT-MDN-KEDIRI
MTU-GI-UPT-MDN-GI-70KV-PLTA-TULUNGAGUNG-0652fdd655039227,GI 70KV PLTA TULUNGAGUNG,UPT-MDN,MTU-ULTG-UPT-MDN-KEDIRI
MTU-GI-UPT-MDN-GI-70KV-PONOROGO,GI 70KV PONOROGO,UPT-MDN,MTU-ULTG-UPT-MDN-MADIUN
MTU-GI-UPT-MDN-GI-70KV-TRENGGALEK,GI 70KV TRENGGALEK,UPT-MDN,MTU-ULTG-UPT-MDN-KEDIRI
MTU-GI-UPT-MDN-GI-70KV-TULUNGAGUNG,GI 70KV TULUNGAGUNG,UPT-MDN,MTU-ULTG-UPT-MDN-KEDIRI
MTU-GI-UPT-MDN-GIS-150KV-PLTU-PACITAN-0945ac726526a4ca,GIS 150KV PLTU PACITAN,UPT-MDN,MTU-ULTG-UPT-MDN-MADIUN
MTU-GI-UPT-MDN-GITET-500KV-KEDIRI-8711ffde67369ba8,GITET 500KV KEDIRI,UPT-MDN,MTU-ULTG-UPT-MDN-KEDIRI
MTU-GI-UPT-MDN-GITET-500KV-NGIMBANG-26476352f9d00a03,GITET 500KV NGIMBANG,UPT-MDN,MTU-ULTG-UPT-MDN-BABAT
MTU-GI-UPT-MLG-GI-150KV-BALONGBENDO-2a074d863d0c29fc,GI 150KV BALONGBENDO,UPT-MLG,MTU-ULTG-UPT-MLG-MOJOKERTO
MTU-GI-UPT-MLG-GI-150KV-BAMBE-1eb9390e7c3e7a3a,GI 150KV BAMBE,UPT-MLG,MTU-ULTG-UPT-MLG-KRIAN
MTU-GI-UPT-MLG-GI-150KV-KASIHJATIM,GI 150KV KASIHJATIM,UPT-MLG,MTU-ULTG-UPT-MLG-KRIAN
MTU-GI-UPT-MLG-GI-150KV-KEBONAGUNG,GI 150KV KEBONAGUNG,UPT-MLG,MTU-ULTG-UPT-MLG-MALANG
MTU-GI-UPT-MLG-GI-150KV-LAWANG,GI 150KV LAWANG,UPT-MLG,MTU-ULTG-UPT-MLG-MALANG
MTU-GI-UPT-MLG-GI-150KV-MOJOAGUNG-7536f87791fb9d7f,GI 150KV MOJOAGUNG,UPT-MLG,MTU-ULTG-UPT-MLG-MOJOKERTO
MTU-GI-UPT-MLG-GI-150KV-NEWWLINGI-d2c8f9a14f020aea,GI 150KV NEWWLINGI,UPT-MLG,MTU-ULTG-UPT-MLG-MALANG
MTU-GI-UPT-MLG-GI-150KV-NGORO-9508dba3ae79d1d7,GI 150KV NGORO,UPT-MLG,MTU-ULTG-UPT-MLG-MOJOKERTO
MTU-GI-UPT-MLG-GI-150KV-PAKIS,GI 150KV PAKIS,UPT-MLG,MTU-ULTG-UPT-MLG-MALANG
MTU-GI-UPT-MLG-GI-150KV-SEKARPUTIH,GI 150KV SEKARPUTIH,UPT-MLG,MTU-ULTG-UPT-MLG-MOJOKERTO
MTU-GI-UPT-MLG-GI-150KV-SENGKALING,GI 150KV SENGKALING,UPT-MLG,MTU-ULTG-UPT-MLG-MALANG
MTU-GI-UPT-MLG-GI-150KV-SURABAYA-BARAT,GI 150KV SURABAYA BARAT,UPT-MLG,MTU-ULTG-UPT-MLG-KRIAN
MTU-GI-UPT-MLG-GI-150KV-SUTAMI,GI 150KV SUTAMI,UPT-MLG,MTU-ULTG-UPT-MLG-MALANG
MTU-GI-UPT-MLG-GI-150KV-WLINGI-01508f3af230b558,GI 150KV WLINGI,UPT-MLG,MTU-ULTG-UPT-MLG-MALANG
MTU-GI-UPT-MLG-GI-70KV-AJINOMOTO,GI 70KV AJINOMOTO,UPT-MLG,MTU-ULTG-UPT-MLG-MOJOKERTO
MTU-GI-UPT-MLG-GI-70KV-BANGUN-1a52bc2115774b98,GI 70KV BANGUN,UPT-MLG,MTU-ULTG-UPT-MLG-MOJOKERTO
MTU-GI-UPT-MLG-GI-70KV-BLIMBING,GI 70KV BLIMBING,UPT-MLG,MTU-ULTG-UPT-MLG-MALANG
MTU-GI-UPT-MLG-GI-70KV-DRIYOREJO-d37ab07491e33625,GI 70KV DRIYOREJO,UPT-MLG,MTU-ULTG-UPT-MLG-KRIAN
MTU-GI-UPT-MLG-GI-70KV-GAMPINGAN,GI 70KV GAMPINGAN,UPT-MLG,MTU-ULTG-UPT-MLG-MALANG
MTU-GI-UPT-MLG-GI-70KV-KARANGKATES,GI 70KV KARANGKATES,UPT-MLG,MTU-ULTG-UPT-MLG-MALANG
MTU-GI-UPT-MLG-GI-70KV-KEBONAGUNG-2a609f7c6b74eb72,GI 70KV KEBONAGUNG,UPT-MLG,MTU-ULTG-UPT-MLG-MALANG
MTU-GI-UPT-MLG-GI-70KV-MENDALAN,GI 70KV MENDALAN,UPT-MLG,MTU-ULTG-UPT-MLG-MOJOKERTO
MTU-GI-UPT-MLG-GI-70KV-MIWON-ea8958b3bc950426,GI 70KV MIWON,UPT-MLG,MTU-ULTG-UPT-MLG-KRIAN
MTU-GI-UPT-MLG-GI-70KV-PLOSO,GI 70KV PLOSO,UPT-MLG,MTU-ULTG-UPT-MLG-MOJOKERTO
MTU-GI-UPT-MLG-GI-70KV-POLEHAN,GI 70KV POLEHAN,UPT-MLG,MTU-ULTG-UPT-MLG-MALANG
MTU-GI-UPT-MLG-GI-70KV-SEKARPUTIH,GI 70KV SEKARPUTIH,UPT-MLG,MTU-ULTG-UPT-MLG-MOJOKERTO
MTU-GI-UPT-MLG-GI-70KV-SELOREJO-7d2bfd622989fb4d,GI 70KV SELOREJO,UPT-MLG,MTU-ULTG-UPT-MLG-MALANG
MTU-GI-UPT-MLG-GI-70KV-SENGGURUH,GI 70KV SENGGURUH,UPT-MLG,MTU-ULTG-UPT-MLG-MALANG
MTU-GI-UPT-MLG-GI-70KV-SENGKALING-b1f2eaf4795c7778,GI 70KV SENGKALING,UPT-MLG,MTU-ULTG-UPT-MLG-MALANG
MTU-GI-UPT-MLG-GI-70KV-SIMAN,GI 70KV SIMAN,UPT-MLG,MTU-ULTG-UPT-MLG-MOJOKERTO
MTU-GI-UPT-MLG-GI-70KV-TARIK,GI 70KV TARIK,UPT-MLG,MTU-ULTG-UPT-MLG-MOJOKERTO
MTU-GI-UPT-MLG-GI-70KV-TJIWIKIMIA-bfe6f7f18ae6441f,GI 70KV TJIWIKIMIA,UPT-MLG,MTU-ULTG-UPT-MLG-MOJOKERTO
MTU-GI-UPT-MLG-GI-70KV-TUREN,GI 70KV TUREN,UPT-MLG,MTU-ULTG-UPT-MLG-MALANG
MTU-GI-UPT-MLG-GI-70KV-WLINGI-26a7da0a593ba125,GI 70KV WLINGI,UPT-MLG,MTU-ULTG-UPT-MLG-MALANG
MTU-GI-UPT-MLG-GIS-150KV-DRIYOREJO,GIS 150KV DRIYOREJO,UPT-MLG,MTU-ULTG-UPT-MLG-KRIAN
MTU-GI-UPT-MLG-GIS-150KV-KARANGPILANG,GIS 150KV KARANGPILANG,UPT-MLG,MTU-ULTG-UPT-MLG-KRIAN
MTU-GI-UPT-MLG-GITET-500KV-KRIAN,GITET 500KV KRIAN,UPT-MLG,MTU-ULTG-UPT-MLG-KRIAN
MTU-GI-UPT-PBG-GI-150KV-BANYUWANGI,GI 150KV BANYUWANGI,UPT-PBG,MTU-ULTG-UPT-PBG-JEMBER
MTU-GI-UPT-PBG-GI-150KV-BONDOWOSO-c88c936464daa4a8,GI 150KV BONDOWOSO,UPT-PBG,MTU-ULTG-UPT-PBG-JEMBER
MTU-GI-UPT-PBG-GI-150KV-BULUKANDANG,GI 150KV BULUKANDANG,UPT-PBG,MTU-ULTG-UPT-PBG-BANGIL
MTU-GI-UPT-PBG-GI-150KV-BUMICOKRO,GI 150KV BUMICOKRO,UPT-PBG,MTU-ULTG-UPT-PBG-BANGIL
MTU-GI-UPT-PBG-GI-150KV-GENDING-92c7e4523564b825,GI 150KV GENDING,UPT-PBG,MTU-ULTG-UPT-PBG-PROBOLINGGO
MTU-GI-UPT-PBG-GI-150KV-GENTENG-ee8b88d07fa1df65,GI 150KV GENTENG,UPT-PBG,MTU-ULTG-UPT-PBG-JEMBER
MTU-GI-UPT-PBG-GI-150KV-GONDANGWETAN,GI 150KV GONDANGWETAN,UPT-PBG,MTU-ULTG-UPT-PBG-BANGIL
MTU-GI-UPT-PBG-GI-150KV-GRATI,GI 150KV GRATI,UPT-PBG,MTU-ULTG-UPT-PBG-PROBOLINGGO
MTU-GI-UPT-PBG-GI-150KV-JEMBER,GI 150KV JEMBER,UPT-PBG,MTU-ULTG-UPT-PBG-JEMBER
MTU-GI-UPT-PBG-GI-150KV-KIS,GI 150KV KIS,UPT-PBG,MTU-ULTG-UPT-PBG-BANGIL
MTU-GI-UPT-PBG-GI-150KV-KRAKSAAN,GI 150KV KRAKSAAN,UPT-PBG,MTU-ULTG-UPT-PBG-PROBOLINGGO
MTU-GI-UPT-PBG-GI-150KV-LUMAJANG,GI 150KV LUMAJANG,UPT-PBG,MTU-ULTG-UPT-PBG-JEMBER
MTU-GI-UPT-PBG-GI-150KV-NEWPANDAAN-d8f3e4f7d877aade,GI 150KV NEWPANDAAN,UPT-PBG,MTU-ULTG-UPT-PBG-BANGIL
MTU-GI-UPT-PBG-GI-150KV-NEWPORONG-3a7f82e0b8123577,GI 150KV NEWPORONG,UPT-PBG,MTU-ULTG-UPT-PBG-BANGIL
MTU-GI-UPT-PBG-GI-150KV-PAITON,GI 150KV PAITON,UPT-PBG,MTU-ULTG-UPT-PBG-PROBOLINGGO
MTU-GI-UPT-PBG-GI-150KV-PIER,GI 150KV PIER,UPT-PBG,MTU-ULTG-UPT-PBG-BANGIL
MTU-GI-UPT-PBG-GI-150KV-PROBOLINGGO,GI 150KV PROBOLINGGO,UPT-PBG,MTU-ULTG-UPT-PBG-PROBOLINGGO
MTU-GI-UPT-PBG-GI-150KV-PUGER-cfb2f1df35d1eb29,GI 150KV PUGER,UPT-PBG,MTU-ULTG-UPT-PBG-JEMBER
MTU-GI-UPT-PBG-GI-150KV-PURWOSARI-b5962ce5b4bbe7b9,GI 150KV PURWOSARI,UPT-PBG,MTU-ULTG-UPT-PBG-BANGIL
MTU-GI-UPT-PBG-GI-150KV-REJOSO,GI 150KV REJOSO,UPT-PBG,MTU-ULTG-UPT-PBG-BANGIL
MTU-GI-UPT-PBG-GI-150KV-SITUBONDO,GI 150KV SITUBONDO,UPT-PBG,MTU-ULTG-UPT-PBG-JEMBER
MTU-GI-UPT-PBG-GI-150KV-TANGGUL,GI 150KV TANGGUL,UPT-PBG,MTU-ULTG-UPT-PBG-JEMBER
MTU-GI-UPT-PBG-GI-70KV-BANGIL-f9e6a8fb60524ffd,GI 70KV BANGIL,UPT-PBG,MTU-ULTG-UPT-PBG-BANGIL
MTU-GI-UPT-PBG-GI-70KV-PANDAAN-0bfcc35363ccec1e,GI 70KV PANDAAN,UPT-PBG,MTU-ULTG-UPT-PBG-BANGIL
MTU-GI-UPT-PBG-GI-70KV-SUKOREJO-35bdcf5abce64346,GI 70KV SUKOREJO,UPT-PBG,MTU-ULTG-UPT-PBG-BANGIL
MTU-GI-UPT-PBG-GIS-150KV-BANGIL-dca4eb4fe03e3263,GIS 150KV BANGIL,UPT-PBG,MTU-ULTG-UPT-PBG-BANGIL
MTU-GI-UPT-PBG-GISTET-500KV-PAITON,GISTET 500KV PAITON,UPT-PBG,MTU-ULTG-UPT-PBG-PROBOLINGGO
MTU-GI-UPT-PBG-GITET-500KV-GRATI,GITET 500KV GRATI,UPT-PBG,MTU-ULTG-UPT-PBG-PROBOLINGGO
MTU-GI-UPT-SBY-GI-150KV-BABADAN-69125836f207c37f,GI 150KV BABADAN,UPT-SBY,ULTG-28V8Y3
MTU-GI-UPT-SBY-GI-150KV-BUDURAN-8c4a8a51f6cb6e3a,GI 150KV BUDURAN,UPT-SBY,ULTG-28V8Y3
MTU-GI-UPT-SBY-GI-150KV-ISPATINDO-1ffbb085a1828416,GI 150KV ISPATINDO,UPT-SBY,ULTG-28V8Y3
MTU-GI-UPT-SBY-GI-150KV-KALISARI-371cbb4cfcfe32e7,GI 150KV KALISARI,UPT-SBY,ULTG-PLNM
MTU-GI-UPT-SBY-GI-150KV-KENJERAN,GI 150KV KENJERAN,UPT-SBY,ULTG-PLNM
MTU-GI-UPT-SBY-GI-150KV-PERAK,GI 150KV PERAK,UPT-SBY,ULTG-PLNM
MTU-GI-UPT-SBY-GI-150KV-RUNGKUT,GI 150KV RUNGKUT,UPT-SBY,ULTG-28V8Y3
MTU-GI-UPT-SBY-GI-150KV-SEDATI-901c4a7ab44fb222,GI 150KV SEDATI,UPT-SBY,ULTG-28V8Y3
MTU-GI-UPT-SBY-GI-150KV-SIDOARJO,GI 150KV SIDOARJO,UPT-SBY,ULTG-28V8Y3
MTU-GI-UPT-SBY-GI-150KV-SUKOLILO,GI 150KV SUKOLILO,UPT-SBY,ULTG-PLNM
MTU-GI-UPT-SBY-GI-150KV-SURABAYA-SELATAN-2f87665cca1bec95,GI 150KV SURABAYA SELATAN,UPT-SBY,ULTG-PLNM
MTU-GI-UPT-SBY-GI-70KV-BUDURAN,GI 70KV BUDURAN,UPT-SBY,ULTG-28V8Y3
MTU-GI-UPT-SBY-GI-70KV-MASPION-f080564f461c13a5,GI 70KV MASPION,UPT-SBY,ULTG-28V8Y3
MTU-GI-UPT-SBY-GI-70KV-PERAK-d0c571aac92baa74,GI 70KV PERAK,UPT-SBY,ULTG-PLNM
MTU-GI-UPT-SBY-GI-70KV-PORONG-9d09bac5620c9838,GI 70KV PORONG,UPT-SBY,ULTG-28V8Y3
MTU-GI-UPT-SBY-GI-70KV-WARU-dd1a5350d6e76139,GI 70KV WARU,UPT-SBY,ULTG-28V8Y3
MTU-GI-UPT-SBY-GIS-150KV-BUDURAN,GIS 150KV BUDURAN,UPT-SBY,ULTG-28V8Y3
MTU-GI-UPT-SBY-GIS-150KV-DARMOGRANDE-a67578b02ffdc8cc,GIS 150KV DARMOGRANDE,UPT-SBY,ULTG-28V8Y3
MTU-GI-UPT-SBY-GIS-150KV-GEMBONG-8e7400e7f106e92e,GIS 150KV GEMBONG,UPT-SBY,ULTG-PLNM
MTU-GI-UPT-SBY-GIS-150KV-GUNUNGSARI-bc6cbd81ae15af30,GIS 150KV GUNUNGSARI,UPT-SBY,ULTG-28V8Y3
MTU-GI-UPT-SBY-GIS-150KV-KEDINDING-19e9eb5c9221b594,GIS 150KV KEDINDING,UPT-SBY,ULTG-PLNM
MTU-GI-UPT-SBY-GIS-150KV-KREMBANGAN-2506142a668daf93,GIS 150KV KREMBANGAN,UPT-SBY,ULTG-PLNM
MTU-GI-UPT-SBY-GIS-150KV-KUPANG-ebcb792fdcc3b3e1,GIS 150KV KUPANG,UPT-SBY,ULTG-PLNM
MTU-GI-UPT-SBY-GIS-150KV-NGAGEL-72a9e0d9c2db86b2,GIS 150KV NGAGEL,UPT-SBY,ULTG-PLNM
MTU-GI-UPT-SBY-GIS-150KV-SAWAHAN,GIS 150KV SAWAHAN,UPT-SBY,ULTG-PLNM
MTU-GI-UPT-SBY-GIS-150KV-SIMPANG-cac9dee9a1af7c9e,GIS 150KV SIMPANG,UPT-SBY,ULTG-PLNM
MTU-GI-UPT-SBY-GIS-150KV-UJUNG-be6932d54c3def1e,GIS 150KV UJUNG,UPT-SBY,ULTG-PLNM
MTU-GI-UPT-SBY-GIS-150KV-UNDAAN-cc8767a7757dd144,GIS 150KV UNDAAN,UPT-SBY,ULTG-PLNM
MTU-GI-UPT-SBY-GIS-150KV-WARU,GIS 150KV WARU,UPT-SBY,ULTG-28V8Y3
MTU-GI-UPT-SBY-GIS-150KV-WONOKROMO-3f5ab3516836a2dc,GIS 150KV WONOKROMO,UPT-SBY,ULTG-PLNM
