"gi_id","gi_name","upt_id","ultg_id","lat","lng","place_id","poi_title","poi_address","source_url","status"
"MTU-GI-UPT-GRS-GI-150KV-ALTAPRIMA-c82e95980ceddb9c","GI 150KV ALTAPRIMA","UPT-GRS","MTU-ULTG-UPT-GRS-GRESIK","-7.194514799999999","112.6368425","0x2dd7fff6883aa0bb:0x6605e219f76698b4","PT. PLN (Persero) GI Altaprima","","https://www.google.com/search?tbm=map&q=Gardu%20Induk%20ALTAPRIMA&hl=id&gl=id","candidate"
"MTU-GI-UPT-BLI-GI-150KV-AMLAPURA","GI 150KV AMLAPURA","UPT-BLI","MTU-ULTG-UPT-BLI-BALI-UTARA","-8.4476697","115.5879473","0x2dd2061683c0ff3b:0xb4def6b4768a416e","Kantor PLN Gardu Induk Amlapura","","https://www.google.com/search?tbm=map&q=Gardu%20Induk%20AMLAPURA&hl=id&gl=id","candidate"
"MTU-GI-UPT-BLI-GI-150KV-ANTOSARI-8f2cb2ca5a8211c9","GI 150KV ANTOSARI","UPT-BLI","MTU-ULTG-UPT-BLI-BALI-UTARA","-8.5159212","115.0146845","0x2dd231eef287c25b:0xcfaf13a01d4a8ec1","Gardu Induk Antosari","","https://www.google.com/search?tbm=map&q=Gardu%20Induk%20ANTOSARI&hl=id&gl=id","candidate"
"MTU-GI-UPT-SBY-GI-150KV-BABADAN-69125836f207c37f","GI 150KV BABADAN","UPT-SBY","ULTG-28V8Y3","-7.3890138","112.67552429999999","0x2dd7e3065c868d5d:0xfd882c0eaada0ddc","PLN GI Babadan","","https://www.google.com/search?tbm=map&q=Gardu%20Induk%20BABADAN&hl=id&gl=id","candidate"
"MTU-GI-UPT-MDN-GI-150KV-BABAT","GI 150KV BABAT","UPT-MDN","MTU-ULTG-UPT-MDN-BABAT","-7.1237357999999995","112.1465666","0x2e778c1c57d61c3b:0x1af6a1eb4b7c8c1f","Gardu Induk Babat","","https://www.google.com/search?tbm=map&q=Gardu%20Induk%20BABAT&hl=id&gl=id","candidate"
"MTU-GI-UPT-MLG-GI-150KV-BALONGBENDO-2a074d863d0c29fc","GI 150KV BALONGBENDO","UPT-MLG","MTU-ULTG-UPT-MLG-MOJOKERTO","-7.4132039","112.55843329999999","0x2e780911884b9015:0x840783802ac3f008","Gardu Induk Balongbendo","","https://www.google.com/search?tbm=map&q=Gardu%20Induk%20BALONGBENDO&hl=id&gl=id","candidate"
"MTU-GI-UPT-MLG-GI-150KV-BAMBE-1eb9390e7c3e7a3a","GI 150KV BAMBE","UPT-MLG","MTU-ULTG-UPT-MLG-KRIAN","-7.3426355","112.66455739999999","0x2dd7fd288a9434cd:0x962f96888ac8aa8d","PLN GI BAMBE","","https://www.google.com/search?tbm=map&q=Gardu%20Induk%20BAMBE&hl=id&gl=id","candidate"
"MTU-GI-UPT-MDN-GI-150KV-BANARAN-f8385c5552475aca","GI 150KV BANARAN","UPT-MDN","MTU-ULTG-UPT-MDN-KEDIRI","","","","","","https://www.google.com/search?tbm=map&q=Gardu%20Induk%20BANARAN&hl=id&gl=id","no_poi_match"
"MTU-GI-UPT-GRS-GI-150KV-BANGKALAN","GI 150KV BANGKALAN","UPT-GRS","MTU-ULTG-UPT-GRS-SAMPANG","-7.0572488","112.7928372","0x2dd805240d0e247b:0xd88f484a01accd74","PT. PLN (Persero) Gardu Induk 15000kV Bangkalan","","https://www.google.com/search?tbm=map&q=Gardu%20Induk%20BANGKALAN&hl=id&gl=id","candidate"
"MTU-GI-UPT-PBG-GI-150KV-BANYUWANGI","GI 150KV BANYUWANGI","UPT-PBG","MTU-ULTG-UPT-PBG-JEMBER","-8.1892259","114.35637919999999","0x2dd14572e2306e2f:0x59a73b908ef3c77","Gardu Induk Banyuwangi","","https://www.google.com/search?tbm=map&q=Gardu%20Induk%20BANYUWANGI&hl=id&gl=id","candidate"
"MTU-GI-UPT-BLI-GI-150KV-BATURITI-aaa495593e39029a","GI 150KV BATURITI","UPT-BLI","MTU-ULTG-UPT-BLI-BALI-UTARA","","","","","","https://www.google.com/search?tbm=map&q=Gardu%20Induk%20BATURITI&hl=id&gl=id","no_poi_match"
"MTU-GI-UPT-MDN-GI-150KV-BOJONEGORO-f6abd84f112ba707","GI 150KV BOJONEGORO","UPT-MDN","MTU-ULTG-UPT-MDN-BABAT","","","","","","https://www.google.com/search?tbm=map&q=Gardu%20Induk%20BOJONEGORO&hl=id&gl=id","no_poi_match"
"MTU-GI-UPT-PBG-GI-150KV-BONDOWOSO-c88c936464daa4a8","GI 150KV BONDOWOSO","UPT-PBG","MTU-ULTG-UPT-PBG-JEMBER","-7.9373067","113.8333483","0x2dd6c336130c923f:0x5f8dcbce590ae3ad","Gardu Induk Bondowoso PT PLN (Persero)","","https://www.google.com/search?tbm=map&q=Gardu%20Induk%20BONDOWOSO&hl=id&gl=id","candidate"
"MTU-GI-UPT-SBY-GI-150KV-BUDURAN-8c4a8a51f6cb6e3a","GI 150KV BUDURAN","UPT-SBY","ULTG-28V8Y3","-7.4235055","112.72151559999999","0x2dd7e530050b614f:0x57fd96a0d102b378","PT. PLN (Persero) Gardu Induk 150kV Buduran","","https://www.google.com/search?tbm=map&q=Gardu%20Induk%20BUDURAN&hl=id&gl=id","candidate"
"MTU-GI-UPT-PBG-GI-150KV-BULUKANDANG","GI 150KV BULUKANDANG","UPT-PBG","MTU-ULTG-UPT-PBG-BANGIL","-7.7006238","112.68754109999999","0x2dd7d71390cd9105:0x3fb8ee02b22df339","Gardu Induk Bulukandang","","https://www.google.com/search?tbm=map&q=Gardu%20Induk%20BULUKANDANG&hl=id&gl=id","candidate"
"MTU-GI-UPT-PBG-GI-150KV-BUMICOKRO","GI 150KV BUMICOKRO","UPT-PBG","MTU-ULTG-UPT-PBG-BANGIL","-7.6060143","112.72466039999999","0x2dd7dbe5d9758b5b:0x84c85166d5589404","Gardu Induk Bumi Cokro","","https://www.google.com/search?tbm=map&q=Gardu%20Induk%20BUMICOKRO&hl=id&gl=id","candidate"
"MTU-GI-UPT-GRS-GI-150KV-BUNGAH-2a1753ca747a4a19","GI 150KV BUNGAH","UPT-GRS","MTU-ULTG-UPT-GRS-GRESIK","-7.0928125","112.60018749999999","0x2e77fdfa77a2023f:0x1396e3d6ffc66ed7","Gardu Induk 150 kV Bungah (JIIPE)","","https://www.google.com/search?tbm=map&q=Gardu%20Induk%20BUNGAH&hl=id&gl=id","candidate"
"MTU-GI-KHS-ceef28ec335e2111efb0ca7e","GI 150KV CARUBAN","UPT-MDN","MTU-ULTG-UPT-MDN-MADIUN","","","","","","https://www.google.com/search?tbm=map&q=Gardu%20Induk%20CARUBAN&hl=id&gl=id","no_poi_match"
"MTU-GI-UPT-GRS-GI-150KV-CERME","GI 150KV CERME","UPT-GRS","MTU-ULTG-UPT-GRS-GRESIK","-7.1827369999999995","112.5783574","0x2e77ffececdc1ca1:0xaf2bc2d4230f576f","PLN GI CERME","","https://www.google.com/search?tbm=map&q=Gardu%20Induk%20CERME&hl=id&gl=id","candidate"
"MTU-GI-UPT-PBG-GI-150KV-GENDING-92c7e4523564b825","GI 150KV GENDING","UPT-PBG","MTU-ULTG-UPT-PBG-PROBOLINGGO","-7.7971197","113.3136346","0x2dd7ab5303fe8597:0xc315bf1634f6464a","Gardu Induk Gending","","https://www.google.com/search?tbm=map&q=Gardu%20Induk%20GENDING&hl=id&gl=id","candidate"
"MTU-GI-UPT-PBG-GI-150KV-GENTENG-ee8b88d07fa1df65","GI 150KV GENTENG","UPT-PBG","MTU-ULTG-UPT-PBG-JEMBER","","","","","","https://www.google.com/search?tbm=map&q=Gardu%20Induk%20GENTENG&hl=id&gl=id","no_poi_match"
"MTU-GI-UPT-BLI-GI-150KV-GIANYAR","GI 150KV GIANYAR","UPT-BLI","MTU-ULTG-UPT-BLI-BALI-SELATAN","-8.5615195","115.33497759999999","0x2dd2142a6fdcd45b:0x789667969b70779","Gardu Induk Gianyar","","https://www.google.com/search?tbm=map&q=Gardu%20Induk%20GIANYAR&hl=id&gl=id","candidate"
"MTU-GI-UPT-BLI-GI-150KV-GILIMANUK","GI 150KV GILIMANUK","UPT-BLI","MTU-ULTG-UPT-BLI-BALI-UTARA","-8.1746641","114.44115149999999","0x2dd1439d3325c6f5:0x5c624536c93cd8c1","Gardu Induk Gilimanuk","","https://www.google.com/search?tbm=map&q=Gardu%20Induk%20GILIMANUK&hl=id&gl=id","candidate"
"MTU-GI-UPT-GRS-GI-150KV-GILITIMUR","GI 150KV GILITIMUR","UPT-GRS","MTU-ULTG-UPT-GRS-SAMPANG","-7.1481496","112.71899599999999","0x2dd803fb6526173f:0xbdedddb98789e543","PT. PLN (Persero) Gardu Induk 150kV Gili Timur","","https://www.google.com/search?tbm=map&q=Gardu%20Induk%20GILITIMUR&hl=id&gl=id","candidate"
"MTU-GI-UPT-PBG-GI-150KV-GONDANGWETAN","GI 150KV GONDANGWETAN","UPT-PBG","MTU-ULTG-UPT-PBG-BANGIL","-7.687111","112.8951273","0x2dd7cf30cad1647f:0x82f0f1f96beeced4","Gardu Induk Gondangwetan (PLN)","","https://www.google.com/search?tbm=map&q=Gardu%20Induk%20GONDANGWETAN&hl=id&gl=id","candidate"
"MTU-GI-UPT-PBG-GI-150KV-GRATI","GI 150KV GRATI","UPT-PBG","MTU-ULTG-UPT-PBG-PROBOLINGGO","-7.6541694","113.0250726","0x2dd7b9004c87c3f3:0xbf93332b37c8a54c","GITET 500 KV GRATI","","https://www.google.com/search?tbm=map&q=Gardu%20Induk%20GRATI&hl=id&gl=id","candidate"
"MTU-GI-UPT-GRS-GI-150KV-GULUK-GULUK","GI 150KV GULUK GULUK","UPT-GRS","MTU-ULTG-UPT-GRS-SAMPANG","-7.0659116","113.6852705","0x2dd9df6d814c2f19:0xd84a7d9fa66ef49b","PT. PLN (Persero) Gardu Induk 150kV Guluk Guluk","","https://www.google.com/search?tbm=map&q=Gardu%20Induk%20GULUK%20GULUK&hl=id&gl=id","candidate"
"MTU-GI-UPT-GRS-GI-150KV-GULUK-GULUK-e667ca710e304e4c","GI 150KV GULUK-GULUK","UPT-GRS","MTU-ULTG-UPT-GRS-SAMPANG","-7.0659116","113.6852705","0x2dd9df6d814c2f19:0xd84a7d9fa66ef49b","PT. PLN (Persero) Gardu Induk 150kV Guluk Guluk","","https://www.google.com/search?tbm=map&q=Gardu%20Induk%20GULUK-GULUK&hl=id&gl=id","candidate"
"MTU-GI-UPT-SBY-GI-150KV-ISPATINDO-1ffbb085a1828416","GI 150KV ISPATINDO","UPT-SBY","ULTG-28V8Y3","","","","","","https://www.google.com/search?tbm=map&q=Gardu%20Induk%20ISPATINDO&hl=id&gl=id","no_poi_match"
"MTU-GI-UPT-MDN-GI-150KV-JATIGEDONG-30f1115f86bd204c","GI 150KV JATIGEDONG","UPT-MDN","MTU-ULTG-UPT-MDN-BABAT","-7.437281","112.24989169999999","0x2e78161c7738da89:0xe9e230d9c9f42da5","Gardu Induk Jatigedong","","https://www.google.com/search?tbm=map&q=Gardu%20Induk%20JATIGEDONG&hl=id&gl=id","candidate"
"MTU-GI-UPT-MDN-GI-150KV-JAYAKERTAS-f94f3f0c9c98a7e6","GI 150KV JAYAKERTAS","UPT-MDN","MTU-ULTG-UPT-MDN-KEDIRI","-7.6111172","112.0895214","0x2e784663f51b2cc9:0xf094f0ab156f28f9","Gardu Induk Jaya Kertas (Jaker)","","https://www.google.com/search?tbm=map&q=Gardu%20Induk%20JAYAKERTAS&hl=id&gl=id","candidate"
"MTU-GI-UPT-PBG-GI-150KV-JEMBER","GI 150KV JEMBER","UPT-PBG","MTU-ULTG-UPT-PBG-JEMBER","-8.1901849","113.69934219999999","0x2dd6969a1a5f8137:0x5379eb37afde7a08","Gardu Induk Jember","","https://www.google.com/search?tbm=map&q=Gardu%20Induk%20JEMBER&hl=id&gl=id","candidate"
"MTU-GI-UPT-MDN-GI-150KV-JOMBANG-c6e5785371249833","GI 150KV JOMBANG","UPT-MDN","MTU-ULTG-UPT-MDN-KEDIRI","-7.5392421999999994","112.20849989999999","0x2e78407676736113:0x5dd75b6b9409372a","Gardu Induk Jombang","","https://www.google.com/search?tbm=map&q=Gardu%20Induk%20JOMBANG&hl=id&gl=id","candidate"
"MTU-GI-UPT-SBY-GI-150KV-KALISARI-371cbb4cfcfe32e7","GI 150KV KALISARI","UPT-SBY","ULTG-PLNM","-7.2709968","112.7970721","0x2dd7fa1b19d0a123:0xb2e37e4853dcc327","Gardu Induk Kalisari 150 kV","","https://www.google.com/search?tbm=map&q=Gardu%20Induk%20KALISARI&hl=id&gl=id","candidate"
"MTU-GI-UPT-BLI-GI-150KV-KAPAL","GI 150KV KAPAL","UPT-BLI","MTU-ULTG-UPT-BLI-BALI-UTARA","","","","","","https://www.google.com/search?tbm=map&q=Gardu%20Induk%20KAPAL&hl=id&gl=id","no_poi_match"
"MTU-GI-UPT-MLG-GI-150KV-KASIHJATIM","GI 150KV KASIHJATIM","UPT-MLG","MTU-ULTG-UPT-MLG-KRIAN","-7.348045","112.566807","0x2e78062ddd741a9b:0x5affb403b9247ff5","Gardu induk Kasih jatim","","https://www.google.com/search?tbm=map&q=Gardu%20Induk%20KASIHJATIM&hl=id&gl=id","candidate"
"MTU-GI-UPT-MLG-GI-150KV-KEBONAGUNG","GI 150KV KEBONAGUNG","UPT-MLG","MTU-ULTG-UPT-MLG-MALANG","-8.0225273","112.61767979999999","0x2e789d001cfbd453:0x22c0812d32dc7763","Gardu Induk Kebonagung","","https://www.google.com/search?tbm=map&q=Gardu%20Induk%20KEBONAGUNG&hl=id&gl=id","candidate"
"MTU-GI-UPT-MDN-GI-150KV-KEDIRI","GI 150KV KEDIRI","UPT-MDN","MTU-ULTG-UPT-MDN-KEDIRI","","","","","","https://www.google.com/search?tbm=map&q=Gardu%20Induk%20KEDIRI&hl=id&gl=id","no_poi_match"
"MTU-GI-UPT-SBY-GI-150KV-KENJERAN","GI 150KV KENJERAN","UPT-SBY","ULTG-PLNM","-7.254846199999999","112.7708428","0x2dd7f99b15555555:0x48ac3e228471a9a2","PT. PLN (Persero) Gardu Induk 150kV Kenjeran","","https://www.google.com/search?tbm=map&q=Gardu%20Induk%20KENJERAN&hl=id&gl=id","candidate"
"MTU-GI-UPT-MDN-GI-150KV-KEREK","GI 150KV KEREK","UPT-MDN","MTU-ULTG-UPT-MDN-BABAT","-6.865563099999999","111.9156187","0x2e77a107f85a43bf:0x7a898851e157dbb6","Gardu Induk Kerek","","https://www.google.com/search?tbm=map&q=Gardu%20Induk%20KEREK&hl=id&gl=id","candidate"
"MTU-GI-UPT-MDN-GI-150KV-KERTOSONO-dc2393c713eab9d1","GI 150KV KERTOSONO","UPT-MDN","MTU-ULTG-UPT-MDN-KEDIRI","-7.6148929","112.0982897","0x2e784687d0fa268d:0xb50c97a5a0a6896e","PLN Gardu Induk Kertosono","","https://www.google.com/search?tbm=map&q=Gardu%20Induk%20KERTOSONO&hl=id&gl=id","candidate"
"MTU-GI-UPT-PBG-GI-150KV-KIS","GI 150KV KIS","UPT-PBG","MTU-ULTG-UPT-PBG-BANGIL","-7.544943","112.77185","0x2dd7dd004b1e058b:0x2dd111a27199152","Gardu Induk Digital KIS Kawasan Industri Sidoarjo","","https://www.google.com/search?tbm=map&q=Gardu%20Induk%20KIS&hl=id&gl=id","candidate"
"MTU-GI-UPT-PBG-GI-150KV-KRAKSAAN","GI 150KV KRAKSAAN","UPT-PBG","MTU-ULTG-UPT-PBG-PROBOLINGGO","-7.7794981","113.4274236","0x2dd7003377352a93:0xacf3151599c63286","PT. PLN (Persero) Gardu Induk 150kV Kraksaan","","https://www.google.com/search?tbm=map&q=Gardu%20Induk%20KRAKSAAN&hl=id&gl=id","candidate"
"MTU-GI-UPT-BLI-GI-150KV-KUBU-414505700c253af5","GI 150KV KUBU","UPT-BLI","MTU-ULTG-UPT-BLI-BALI-SELATAN","-8.2036731","115.4971607","0x2dd1fbda1f927ae3:0xb190c1d4e21af115","Gardu Induk Kubu","","https://www.google.com/search?tbm=map&q=Gardu%20Induk%20KUBU&hl=id&gl=id","candidate"
"MTU-GI-UPT-MDN-GI-150KV-LAMONGAN-a3b8b065cb1c0940","GI 150KV LAMONGAN","UPT-MDN","MTU-ULTG-UPT-MDN-BABAT","-7.1419928","112.4128547","0x2e77f7426a92da31:0x7132bd02f396ffbb","GI Lamongan","","https://www.google.com/search?tbm=map&q=Gardu%20Induk%20LAMONGAN&hl=id&gl=id","candidate"
"MTU-GI-UPT-MLG-GI-150KV-LAWANG","GI 150KV LAWANG","UPT-MLG","MTU-ULTG-UPT-MLG-MALANG","-7.849072199999999","112.6906985","0x2dd62b71adb4dce9:0x132ed34e9f69641","Gardu Induk Lawang","","https://www.google.com/search?tbm=map&q=Gardu%20Induk%20LAWANG&hl=id&gl=id","candidate"
"MTU-GI-UPT-PBG-GI-150KV-LUMAJANG","GI 150KV LUMAJANG","UPT-PBG","MTU-ULTG-UPT-PBG-JEMBER","-8.128734399999999","113.21332749999999","0x2dd65d5fa9375441:0xc88a089fa0e07350","PT. PLN (Persero) Gardu Induk 150kV Lumajang","","https://www.google.com/search?tbm=map&q=Gardu%20Induk%20LUMAJANG&hl=id&gl=id","candidate"
"MTU-GI-UPT-MDN-GI-150KV-MANISREJO","GI 150KV MANISREJO","UPT-MDN","MTU-ULTG-UPT-MDN-MADIUN","-7.6403582","111.5478083","0x2e79bebd83a7af47:0x74d1dbff42e06dcc","Gardu Induk Manisrejo","","https://www.google.com/search?tbm=map&q=Gardu%20Induk%20MANISREJO&hl=id&gl=id","candidate"
"MTU-GI-UPT-GRS-GI-150KV-MANYAR","GI 150KV MANYAR","UPT-GRS","MTU-ULTG-UPT-GRS-GRESIK","-7.128371899999999","112.61303939999999","0x2e77ff0054401735:0x5e5f86d1b6e2d4b0","Gardu Induk Manyar 150kV dan 70kV","","https://www.google.com/search?tbm=map&q=Gardu%20Induk%20MANYAR&hl=id&gl=id","candidate"
"MTU-GI-UPT-MDN-GI-150KV-MLIWANG-1f491ee5ea63067d","GI 150KV MLIWANG","UPT-MDN","MTU-ULTG-UPT-MDN-BABAT","-6.8191615","111.89157069999999","0x2e77a0cc162e6ef1:0x81d36ece0e41694b","PT. PLN (PERSERO) GARDU INDUK MLIWANG","","https://www.google.com/search?tbm=map&q=Gardu%20Induk%20MLIWANG&hl=id&gl=id","candidate"
"MTU-GI-UPT-MLG-GI-150KV-MOJOAGUNG-7536f87791fb9d7f","GI 150KV MOJOAGUNG","UPT-MLG","MTU-ULTG-UPT-MLG-MOJOKERTO","-7.5908345","112.3441972","0x2e786c72ca7cec9d:0x4fbc3b6fdb6a62cd","PLN Gardu Induk 150KV Mojoagung","","https://www.google.com/search?tbm=map&q=Gardu%20Induk%20MOJOAGUNG&hl=id&gl=id","candidate"
"MTU-GI-UPT-BLI-GI-150KV-NEGARA","GI 150KV NEGARA","UPT-BLI","MTU-ULTG-UPT-BLI-BALI-UTARA","-8.3646387","114.6603329","0x2dd3d8820451b3fd:0xfd767ceb2cb11080","Gardu Induk Negara","","https://www.google.com/search?tbm=map&q=Gardu%20Induk%20NEGARA&hl=id&gl=id","candidate"
"MTU-GI-KHS-8ec4137f100d9d9f765b09cb","GI 150KV NEW NGANJUK","UPT-MDN","MTU-ULTG-UPT-MDN-MADIUN","","","","","","https://www.google.com/search?tbm=map&q=Gardu%20Induk%20NEW%20NGANJUK&hl=id&gl=id","no_poi_match"
"MTU-GI-UPT-MDN-GI-150KV-NEWPACITAN-88f1d4b208729db7","GI 150KV NEWPACITAN","UPT-MDN","MTU-ULTG-UPT-MDN-MADIUN","","","","","","https://www.google.com/search?tbm=map&q=Gardu%20Induk%20NEWPACITAN&hl=id&gl=id","no_poi_match"
"MTU-GI-UPT-PBG-GI-150KV-NEWPANDAAN-d8f3e4f7d877aade","GI 150KV NEWPANDAAN","UPT-PBG","MTU-ULTG-UPT-PBG-BANGIL","","","","","","https://www.google.com/search?tbm=map&q=Gardu%20Induk%20NEWPANDAAN&hl=id&gl=id","no_poi_match"
"MTU-GI-UPT-MDN-GI-150KV-NEWPONOROGO-10277bd25a02c7c9","GI 150KV NEWPONOROGO","UPT-MDN","MTU-ULTG-UPT-MDN-MADIUN","","","","","","https://www.google.com/search?tbm=map&q=Gardu%20Induk%20NEWPONOROGO&hl=id&gl=id","no_poi_match"
"MTU-GI-UPT-PBG-GI-150KV-NEWPORONG-3a7f82e0b8123577","GI 150KV NEWPORONG","UPT-PBG","MTU-ULTG-UPT-PBG-BANGIL","","","","","","https://www.google.com/search?tbm=map&q=Gardu%20Induk%20NEWPORONG&hl=id&gl=id","no_poi_match"
"MTU-GI-UPT-MDN-GI-150KV-NEWTULUNGAGUNG-fa4ed2495a6e2db5","GI 150KV NEWTULUNGAGUNG","UPT-MDN","MTU-ULTG-UPT-MDN-KEDIRI","","","","","","https://www.google.com/search?tbm=map&q=Gardu%20Induk%20NEWTULUNGAGUNG&hl=id&gl=id","no_poi_match"
"MTU-GI-UPT-MLG-GI-150KV-NEWWLINGI-d2c8f9a14f020aea","GI 150KV NEWWLINGI","UPT-MLG","MTU-ULTG-UPT-MLG-MALANG","","","","","","https://www.google.com/search?tbm=map&q=Gardu%20Induk%20NEWWLINGI&hl=id&gl=id","no_poi_match"
"MTU-GI-UPT-MDN-GI-150KV-NGANJUK-II-7a4a9613f006aa6e","GI 150KV NGANJUK II","UPT-MDN","MTU-ULTG-UPT-MDN-MADIUN","","","","","","https://www.google.com/search?tbm=map&q=Gardu%20Induk%20NGANJUK%20II&hl=id&gl=id","no_poi_match"
"MTU-GI-UPT-MDN-GI-150KV-NGAWI","GI 150KV NGAWI","UPT-MDN","MTU-ULTG-UPT-MDN-MADIUN","-7.4071146","111.4569174","0x2e79e7e500000001:0xd76a97c62a3197e3","Gardu Induk PLN Ngawi","","https://www.google.com/search?tbm=map&q=Gardu%20Induk%20NGAWI&hl=id&gl=id","candidate"
"MTU-GI-UPT-MDN-GI-150KV-NGIMBANG","GI 150KV NGIMBANG","UPT-MDN","MTU-ULTG-UPT-MDN-BABAT","-7.286785399999999","112.189246","0x2e78217eb381bfc5:0x787daf7476b5a068","Gardu Induk PLN Ngimbang","","https://www.google.com/search?tbm=map&q=Gardu%20Induk%20NGIMBANG&hl=id&gl=id","candidate"
"MTU-GI-UPT-MLG-GI-150KV-NGORO-9508dba3ae79d1d7","GI 150KV NGORO","UPT-MLG","MTU-ULTG-UPT-MLG-MOJOKERTO","-7.557109","112.6127666","0x2e7875820a160415:0x68138ecc9166664","PLN Gardu Induk Ngoro","","https://www.google.com/search?tbm=map&q=Gardu%20Induk%20NGORO&hl=id&gl=id","candidate"
"MTU-GI-UPT-BLI-GI-150KV-NUSADUA","GI 150KV NUSADUA","UPT-BLI","MTU-ULTG-UPT-BLI-BALI-SELATAN","-8.797813699999999","115.22249049999999","0x2dd2433b1335420d:0x1cbfa1759bf83a70","GARDU INDUK PLN NUSA DUA","","https://www.google.com/search?tbm=map&q=Gardu%20Induk%20NUSADUA&hl=id&gl=id","candidate"
"MTU-GI-UPT-MDN-GI-150KV-PACIRAN-530b7eff2f3e07db","GI 150KV PACIRAN","UPT-MDN","MTU-ULTG-UPT-MDN-BABAT","","","","","","https://www.google.com/search?tbm=map&q=Gardu%20Induk%20PACIRAN&hl=id&gl=id","no_poi_match"
"MTU-GI-UPT-BLI-GI-150KV-PADANG-SAMBIAN-259c58a2990f0d0f","GI 150KV PADANG SAMBIAN","UPT-BLI","MTU-ULTG-UPT-BLI-BALI-SELATAN...","-8.666824199999999","115.18736659999999","0x2dd2474ca1fe5557:0x85de851e7654830d","Gardu Induk Padang Sambian","","https://www.google.com/search?tbm=map&q=Gardu%20Induk%20PADANG%20SAMBIAN&hl=id&gl=id","candidate"
"MTU-GI-UPT-PBG-GI-150KV-PAITON","GI 150KV PAITON","UPT-PBG","MTU-ULTG-UPT-PBG-PROBOLINGGO","-7.7184905","113.5817125","0x2dd71cb12791246d:0x268527aad17317e9","GITET Paiton","","https://www.google.com/search?tbm=map&q=Gardu%20Induk%20PAITON&hl=id&gl=id","candidate"
"MTU-GI-UPT-MLG-GI-150KV-PAKIS","GI 150KV PAKIS","UPT-MLG","MTU-ULTG-UPT-MLG-MALANG","-7.967153","112.68057809999999","0x2dd6293f55b3a191:0x13f7d3ceb1eb2a79","Gardu Induk Pakis","","https://www.google.com/search?tbm=map&q=Gardu%20Induk%20PAKIS&hl=id&gl=id","candidate"
"MTU-GI-UPT-GRS-GI-150KV-PAMEKASAN-d0863a4a6e059387","GI 150KV PAMEKASAN","UPT-GRS","MTU-ULTG-UPT-GRS-SAMPANG","-7.1471602","113.45509","0x2dd9d5f53c4c847b:0xd64a9d3e5714a3bb","PT. PLN (Persero) Gardu Induk 150kV Pamekasan","","https://www.google.com/search?tbm=map&q=Gardu%20Induk%20PAMEKASAN&hl=id&gl=id","candidate"
"MTU-GI-UPT-BLI-GI-150KV-PAYANGAN-d4a07fcc94285991","GI 150KV PAYANGAN","UPT-BLI","MTU-ULTG-UPT-BLI-BALI-UTARA","-8.444278599999999","115.24229679999999","0x2dd22255d59ad08f:0x9fbeb6a908d497c","Gardu Induk Payangan","","https://www.google.com/search?tbm=map&q=Gardu%20Induk%20PAYANGAN&hl=id&gl=id","candidate"
"MTU-GI-UPT-BLI-GI-150KV-PEMARON","GI 150KV PEMARON","UPT-BLI","MTU-ULTG-UPT-BLI-BALI-UTARA","-8.1357532","115.059445","0x2dd19a580e25288f:0x43d22a25af0613e6","PLN GARDU INDUK PEMARON","","https://www.google.com/search?tbm=map&q=Gardu%20Induk%20PEMARON&hl=id&gl=id","candidate"
"MTU-GI-UPT-BLI-GI-150KV-PEMECUTAN-KELOD-b5092250971ccdd1","GI 150KV PEMECUTAN KELOD","UPT-BLI","MTU-ULTG-UPT-BLI-BALI-SELAT...","-8.6902197","115.1900826","0x2dd2472ad2efe099:0xd2f93f711cdc01b","PT PLN (PERSERO) ULTG Bali Selatan \u0026 Gardu Induk Pemecutan Kelod","","https://www.google.com/search?tbm=map&q=Gardu%20Induk%20PEMECUTAN%20KELOD&hl=id&gl=id","candidate"
"MTU-GI-UPT-SBY-GI-150KV-PERAK","GI 150KV PERAK","UPT-SBY","ULTG-PLNM","","","","","","https://www.google.com/search?tbm=map&q=Gardu%20Induk%20PERAK&hl=id&gl=id","no_poi_match"
"MTU-GI-UPT-BLI-GI-150KV-PESANGGARAN-158430b58f6e60c7","GI 150KV PESANGGARAN","UPT-BLI","MTU-ULTG-UPT-BLI-BALI-SELATAN","-8.718229899999999","115.2106599","0x2dd241425ba49c41:0x1cf2da263c1ad551","Gardu Induk Pesanggaran","","https://www.google.com/search?tbm=map&q=Gardu%20Induk%20PESANGGARAN&hl=id&gl=id","candidate"
"MTU-GI-UPT-GRS-GI-150KV-PETROKIMIA","GI 150KV PETROKIMIA","UPT-GRS","MTU-ULTG-UPT-GRS-GRESIK","-7.152340499999999","112.6357876","0x2dd8006271c29e0f:0xba13ee09ea04864d","PLN GI Petrokimia","","https://www.google.com/search?tbm=map&q=Gardu%20Induk%20PETROKIMIA&hl=id&gl=id","candidate"
"MTU-GI-UPT-PBG-GI-150KV-PIER","GI 150KV PIER","UPT-PBG","MTU-ULTG-UPT-PBG-BANGIL","-7.6277246","112.81361109999999","0x2dd7c52a5fe88863:0x9d12c2eeab0ed02e","Gardu Induk 150kV PIER","","https://www.google.com/search?tbm=map&q=Gardu%20Induk%20PIER&hl=id&gl=id","candidate"
"MTU-GI-UPT-GRS-GI-150KV-PLTU-GRESIK","GI 150KV PLTU GRESIK","UPT-GRS","MTU-ULTG-UPT-GRS-GRESIK","","","","","","https://www.google.com/search?tbm=map&q=Gardu%20Induk%20PLTU%20GRESIK&hl=id&gl=id","no_poi_match"
"MTU-GI-UPT-PBG-GI-150KV-PROBOLINGGO","GI 150KV PROBOLINGGO","UPT-PBG","MTU-ULTG-UPT-PBG-PROBOLINGGO","-7.7641588","113.2128412","0x2dd7ad1d5a5b3f83:0x5746a5a8777e9baa","PT. PLN (Persero) Gardu Induk 150kV Probolinggo","","https://www.google.com/search?tbm=map&q=Gardu%20Induk%20PROBOLINGGO&hl=id&gl=id","candidate"
"MTU-GI-UPT-PBG-GI-150KV-PUGER-cfb2f1df35d1eb29","GI 150KV PUGER","UPT-PBG","MTU-ULTG-UPT-PBG-JEMBER","-8.3428813","113.494323","0x2dd685a8f9d56555:0x67b856670507b337","PLN Gardu Induk Puger","","https://www.google.com/search?tbm=map&q=Gardu%20Induk%20PUGER&hl=id&gl=id","candidate"
"MTU-GI-UPT-PBG-GI-150KV-PURWOSARI-b5962ce5b4bbe7b9","GI 150KV PURWOSARI","UPT-PBG","MTU-ULTG-UPT-PBG-BANGIL","-7.7679049","112.75971799999999","0x2dd7d3cba10d3c69:0x7688036210fd7adc","Gardu induk Purwosari","","https://www.google.com/search?tbm=map&q=Gardu%20Induk%20PURWOSARI&hl=id&gl=id","candidate"
"MTU-GI-UPT-PBG-GI-150KV-REJOSO","GI 150KV REJOSO","UPT-PBG","MTU-ULTG-UPT-PBG-BANGIL","-7.694333599999999","112.965609","0x2dd7c84df8511bb7:0x89beafdae10284c4","GI Rejoso","","https://www.google.com/search?tbm=map&q=Gardu%20Induk%20REJOSO&hl=id&gl=id","candidate"
"MTU-GI-UPT-SBY-GI-150KV-RUNGKUT","GI 150KV RUNGKUT","UPT-SBY","ULTG-28V8Y3","-7.3409265999999995","112.74722179999999","0x2dd7fb313c3aff7d:0x6657591d903d06d9","PLN Gardu Induk Rungkut","","https://www.google.com/search?tbm=map&q=Gardu%20Induk%20RUNGKUT&hl=id&gl=id","candidate"
"MTU-GI-UPT-GRS-GI-150KV-SAMBIKEREP-5e914dee41402ff4","GI 150KV SAMBIKEREP","UPT-GRS","MTU-ULTG-UPT-GRS-GRESIK","-7.2624486","112.64282879999999","0x2dd7fe0d5a7cfcfb:0x286d6ccf048daf7d","GI 150kV Sambikerep","","https://www.google.com/search?tbm=map&q=Gardu%20Induk%20SAMBIKEREP&hl=id&gl=id","candidate"
"MTU-GI-UPT-GRS-GI-150KV-SAMPANG-567296a8598bf4bd","GI 150KV SAMPANG","UPT-GRS","MTU-ULTG-UPT-GRS-SAMPANG","-7.180035299999999","113.23809329999999","0x2dd7875fec59efe3:0x75d48adda4c43da2","PT. PLN (Persero) ULTG \u0026 GI 150kV Sampang","","https://www.google.com/search?tbm=map&q=Gardu%20Induk%20SAMPANG&hl=id&gl=id","candidate"
"MTU-GI-UPT-BLI-GI-150KV-SANUR-ad77a05028977661","GI 150KV SANUR","UPT-BLI","MTU-ULTG-UPT-BLI-BALI-SELATAN","","","","","","https://www.google.com/search?tbm=map&q=Gardu%20Induk%20SANUR&hl=id&gl=id","no_poi_match"
"MTU-GI-UPT-SBY-GI-150KV-SEDATI-901c4a7ab44fb222","GI 150KV SEDATI","UPT-SBY","ULTG-28V8Y3","-7.3953371","112.7618523","0x2dd7e50003a9d997:0xd876fa640a3d27da","PLN Gardu Induk Sedati 150 kV","","https://www.google.com/search?tbm=map&q=Gardu%20Induk%20SEDATI&hl=id&gl=id","candidate"
"MTU-GI-UPT-GRS-GI-150KV-SEGOROMADU-ef349984c3c145b4","GI 150KV SEGOROMADU","UPT-GRS","MTU-ULTG-UPT-GRS-GRESIK","-7.194514799999999","112.6368425","0x2dd7fff6883aa0bb:0x6605e219f76698b4","PT. PLN (Persero) GI Altaprima","","https://www.google.com/search?tbm=map&q=Gardu%20Induk%20SEGOROMADU&hl=id&gl=id","candidate"
"MTU-GI-UPT-MLG-GI-150KV-SEKARPUTIH","GI 150KV SEKARPUTIH","UPT-MLG","MTU-ULTG-UPT-MLG-MOJOKERTO","","","","","","https://www.google.com/search?tbm=map&q=Gardu%20Induk%20SEKARPUTIH&hl=id&gl=id","no_poi_match"
"MTU-GI-UPT-MDN-GI-150KV-SEMENTUBAN-3-ca8dcfcca3f6e938","GI 150KV SEMENTUBAN 3","UPT-MDN","MTU-ULTG-UPT-MDN-BABAT","-6.8617593999999995","111.9077921","0x2e77a10179df55a3:0x9c4fbe693fe0c3d6","Gardu Induk Tuban 3","","https://www.google.com/search?tbm=map&q=Gardu%20Induk%20SEMENTUBAN%203&hl=id&gl=id","candidate"
"MTU-GI-UPT-MLG-GI-150KV-SENGKALING","GI 150KV SENGKALING","UPT-MLG","MTU-ULTG-UPT-MLG-MALANG","","","","","","https://www.google.com/search?tbm=map&q=Gardu%20Induk%20SENGKALING&hl=id&gl=id","no_poi_match"
"MTU-GI-UPT-SBY-GI-150KV-SIDOARJO","GI 150KV SIDOARJO","UPT-SBY","ULTG-28V8Y3","","","","","","https://www.google.com/search?tbm=map&q=Gardu%20Induk%20SIDOARJO&hl=id&gl=id","no_poi_match"
"MTU-GI-UPT-PBG-GI-150KV-SITUBONDO","GI 150KV SITUBONDO","UPT-PBG","MTU-ULTG-UPT-PBG-JEMBER","-7.7169664","114.0184029","0x2dd729098fc1b1cb:0x6f7a81776a295850","Kantor PLN Gardu Induk Situbondo","","https://www.google.com/search?tbm=map&q=Gardu%20Induk%20SITUBONDO&hl=id&gl=id","candidate"
"MTU-GI-UPT-SBY-GI-150KV-SUKOLILO","GI 150KV SUKOLILO","UPT-SBY","ULTG-PLNM","-7.2901149","112.77031799999999","0x2dd7fa49465ebd07:0x5ab6ba587b3bdd1e","GI 150kV Sukolilo","","https://www.google.com/search?tbm=map&q=Gardu%20Induk%20SUKOLILO&hl=id&gl=id","candidate"
"MTU-GI-UPT-GRS-GI-150KV-SUMENEP-4ed85b2f4ccae079","GI 150KV SUMENEP","UPT-GRS","MTU-ULTG-UPT-GRS-SAMPANG","-7.0092352","113.8355596","0x2dd9e68ac762d3db:0x33732ab0aafc512e","PT. PLN (Persero) Gardu Induk 150kV Sumenep","","https://www.google.com/search?tbm=map&q=Gardu%20Induk%20SUMENEP&hl=id&gl=id","candidate"
"MTU-GI-UPT-MLG-GI-150KV-SURABAYA-BARAT","GI 150KV SURABAYA BARAT","UPT-MLG","MTU-ULTG-UPT-MLG-KRIAN","","","","","","https://www.google.com/search?tbm=map&q=Gardu%20Induk%20SURABAYA%20BARAT&hl=id&gl=id","no_poi_match"
"MTU-GI-UPT-SBY-GI-150KV-SURABAYA-SELATAN-2f87665cca1bec95","GI 150KV SURABAYA SELATAN","UPT-SBY","ULTG-PLNM","-7.3084226999999995","112.8086877","0x2dd7fa8188f208bd:0xfd453bd413b0aa2c","GI 150kV Surabaya Selatan","","https://www.google.com/search?tbm=map&q=Gardu%20Induk%20SURABAYA%20SELATAN&hl=id&gl=id","candidate"
"MTU-GI-UPT-MDN-GI-150KV-SURYAZIGZAG","GI 150KV SURYAZIGZAG","UPT-MDN","MTU-ULTG-UPT-MDN-KEDIRI","","","","","","https://www.google.com/search?tbm=map&q=Gardu%20Induk%20SURYAZIGZAG&hl=id&gl=id","no_poi_match"
"MTU-GI-UPT-MLG-GI-150KV-SUTAMI","GI 150KV SUTAMI","UPT-MLG","MTU-ULTG-UPT-MLG-MALANG","","","","","","https://www.google.com/search?tbm=map&q=Gardu%20Induk%20SUTAMI&hl=id&gl=id","no_poi_match"
"MTU-GI-UPT-PBG-GI-150KV-TANGGUL","GI 150KV TANGGUL","UPT-PBG","MTU-ULTG-UPT-PBG-JEMBER","-8.1774534","113.4515416","0x2dd68bbf87df8b07:0xf9f0a1287729be0c","PT. PLN (Persero) Gardu Induk 150kV Tanggul","","https://www.google.com/search?tbm=map&q=Gardu%20Induk%20TANGGUL&hl=id&gl=id","candidate"
"MTU-GI-UPT-MDN-GI-150KV-TANJUNG-AWAR-AWAR-3a041f23e60f359c","GI 150KV TANJUNG AWAR AWAR","UPT-MDN","MTU-ULTG-UPT-MDN-BABAT","","","","","","https://www.google.com/search?tbm=map&q=Gardu%20Induk%20TANJUNG%20AWAR%20AWAR&hl=id&gl=id","no_poi_match"
"MTU-GI-UPT-MDN-GI-150KV-TUBAN","GI 150KV TUBAN","UPT-MDN","MTU-ULTG-UPT-MDN-BABAT","-6.888954399999999","112.03468649999999","0x2e77a2ba961f7ac7:0x8520032ebc3a479","PLN Gardu Induk Tuban","","https://www.google.com/search?tbm=map&q=Gardu%20Induk%20TUBAN&hl=id&gl=id","candidate"
"MTU-GI-UPT-GRS-GI-150KV-WILMAR-21e8b2bad98d82ef","GI 150KV WILMAR","UPT-GRS","MTU-ULTG-UPT-GRS-GRESIK","-7.174559599999999","112.6664598","0x2dd80181dcb1d4ff:0xe91958364dd5c996","GI 150kV KTT WILMAR","","https://www.google.com/search?tbm=map&q=Gardu%20Induk%20WILMAR&hl=id&gl=id","candidate"
"MTU-GI-UPT-MLG-GI-150KV-WLINGI-01508f3af230b558","GI 150KV WLINGI","UPT-MLG","MTU-ULTG-UPT-MLG-MALANG","","","","","","https://www.google.com/search?tbm=map&q=Gardu%20Induk%20WLINGI&hl=id&gl=id","no_poi_match"
"MTU-GI-UPT-MDN-GI-30KV-DOLOPO-7275c9c1a2e6e566","GI 30KV DOLOPO","UPT-MDN","MTU-ULTG-UPT-MDN-MADIUN","","","","","","https://www.google.com/search?tbm=map&q=Gardu%20Induk%20DOLOPO&hl=id&gl=id","no_poi_match"
"MTU-GI-UPT-MDN-GI-30KV-GIRINGAN-68577853a06f25b1","GI 30KV GIRINGAN","UPT-MDN","MTU-ULTG-UPT-MDN-MADIUN","","","","","","https://www.google.com/search?tbm=map&q=Gardu%20Induk%20GIRINGAN&hl=id&gl=id","no_poi_match"
"MTU-GI-UPT-MDN-GI-30KV-GOLANG-2ecad890eef979aa","GI 30KV GOLANG","UPT-MDN","MTU-ULTG-UPT-MDN-MADIUN","","","","","","https://www.google.com/search?tbm=map&q=Gardu%20Induk%20GOLANG&hl=id&gl=id","no_poi_match"
"MTU-GI-UPT-MDN-GI-30KV-NGEBEL-0c5a6f22605afa40","GI 30KV NGEBEL","UPT-MDN","MTU-ULTG-UPT-MDN-MADIUN","","","","","","https://www.google.com/search?tbm=map&q=Gardu%20Induk%20NGEBEL&hl=id&gl=id","no_poi_match"
"MTU-GI-UPT-MDN-GI-30KV-TULUNGAGUNG-903d8d0c76afa936","GI 30KV TULUNGAGUNG","UPT-MDN","MTU-ULTG-UPT-MDN-KEDIRI","","","","","","https://www.google.com/search?tbm=map&q=Gardu%20Induk%20TULUNGAGUNG&hl=id&gl=id","no_poi_match"
"MTU-GI-UPT-MLG-GI-70KV-AJINOMOTO","GI 70KV AJINOMOTO","UPT-MLG","MTU-ULTG-UPT-MLG-MOJOKERTO","","","","","","https://www.google.com/search?tbm=map&q=Gardu%20Induk%20AJINOMOTO&hl=id&gl=id","no_poi_match"
"MTU-GI-UPT-MDN-GI-70KV-BANARAN","GI 70KV BANARAN","UPT-MDN","MTU-ULTG-UPT-MDN-KEDIRI","","","","","","https://www.google.com/search?tbm=map&q=Gardu%20Induk%20BANARAN&hl=id&gl=id","no_poi_match"
"MTU-GI-UPT-PBG-GI-70KV-BANGIL-f9e6a8fb60524ffd","GI 70KV BANGIL","UPT-PBG","MTU-ULTG-UPT-PBG-BANGIL","-7.676901","112.7427168","0x2dd7d1002da7e61b:0xed50c7db2364e14e","GITET 500 kV Bangil","","https://www.google.com/search?tbm=map&q=Gardu%20Induk%20BANGIL&hl=id&gl=id","candidate"
"MTU-GI-UPT-MLG-GI-70KV-BANGUN-1a52bc2115774b98","GI 70KV BANGUN","UPT-MLG","MTU-ULTG-UPT-MLG-MOJOKERTO","","","","","","https://www.google.com/search?tbm=map&q=Gardu%20Induk%20BANGUN&hl=id&gl=id","no_poi_match"
"MTU-GI-UPT-GRS-GI-70KV-BARATA-b7a6cc1310843034","GI 70KV BARATA","UPT-GRS","MTU-ULTG-UPT-GRS-GRESIK","","","","","","https://www.google.com/search?tbm=map&q=Gardu%20Induk%20BARATA&hl=id&gl=id","no_poi_match"
"MTU-GI-UPT-MLG-GI-70KV-BLIMBING","GI 70KV BLIMBING","UPT-MLG","MTU-ULTG-UPT-MLG-MALANG","-7.9396637","112.64304709999999","0x2dd629eac93a9bd5:0x6fde3ca82f3703c1","GI BLIMBING","","https://www.google.com/search?tbm=map&q=Gardu%20Induk%20BLIMBING&hl=id&gl=id","candidate"
"MTU-GI-UPT-MDN-GI-70KV-BLITAR-BARU","GI 70KV BLITAR BARU","UPT-MDN","MTU-ULTG-UPT-MDN-KEDIRI","","","","","","https://www.google.com/search?tbm=map&q=Gardu%20Induk%20BLITAR%20BARU&hl=id&gl=id","no_poi_match"
"MTU-GI-UPT-SBY-GI-70KV-BUDURAN","GI 70KV BUDURAN","UPT-SBY","ULTG-28V8Y3","-7.4235055","112.72151559999999","0x2dd7e530050b614f:0x57fd96a0d102b378","PT. PLN (Persero) Gardu Induk 150kV Buduran","","https://www.google.com/search?tbm=map&q=Gardu%20Induk%20BUDURAN&hl=id&gl=id","candidate"
"MTU-GI-UPT-MDN-GI-70KV-CARUBAN-bafc995256555b9c","GI 70KV CARUBAN","UPT-MDN","MTU-ULTG-UPT-MDN-MADIUN","","","","","","https://www.google.com/search?tbm=map&q=Gardu%20Induk%20CARUBAN&hl=id&gl=id","no_poi_match"
"MTU-GI-UPT-MDN-GI-70KV-DOLOPO","GI 70KV DOLOPO","UPT-MDN","MTU-ULTG-UPT-MDN-MADIUN","","","","","","https://www.google.com/search?tbm=map&q=Gardu%20Induk%20DOLOPO&hl=id&gl=id","no_poi_match"
"MTU-GI-UPT-MLG-GI-70KV-DRIYOREJO-d37ab07491e33625","GI 70KV DRIYOREJO","UPT-MLG","MTU-ULTG-UPT-MLG-KRIAN","-7.369088199999999","112.6000636","0x2e7808139134addb:0xe987c8dafed3d64c","Gardu Induk Driyorejo","","https://www.google.com/search?tbm=map&q=Gardu%20Induk%20DRIYOREJO&hl=id&gl=id","candidate"
"MTU-GI-UPT-MLG-GI-70KV-GAMPINGAN","GI 70KV GAMPINGAN","UPT-MLG","MTU-ULTG-UPT-MLG-MALANG","-8.193734899999999","112.55633809999999","0x2e78a159037ab25b:0x6aa0c9aab72a23c1","Gardu induk gampingan","","https://www.google.com/search?tbm=map&q=Gardu%20Induk%20GAMPINGAN&hl=id&gl=id","candidate"
"MTU-GI-UPT-MDN-GI-70KV-GUDANGGARAM-6409d92e40cd308b","GI 70KV GUDANGGARAM","UPT-MDN","MTU-ULTG-UPT-MDN-KEDIRI","","","","","","https://www.google.com/search?tbm=map&q=Gardu%20Induk%20GUDANGGARAM&hl=id&gl=id","no_poi_match"
"MTU-GI-UPT-MLG-GI-70KV-KARANGKATES","GI 70KV KARANGKATES","UPT-MLG","MTU-ULTG-UPT-MLG-MALANG","-8.160503","112.4426185","0x2e78981737a05cff:0x65c9dde2e5c2691c","PLN GI KARANGKATES / GI SUTAMI","","https://www.google.com/search?tbm=map&q=Gardu%20Induk%20KARANGKATES&hl=id&gl=id","candidate"
"MTU-GI-UPT-MLG-GI-70KV-KEBONAGUNG-2a609f7c6b74eb72","GI 70KV KEBONAGUNG","UPT-MLG","MTU-ULTG-UPT-MLG-MALANG","-8.0225273","112.61767979999999","0x2e789d001cfbd453:0x22c0812d32dc7763","Gardu Induk Kebonagung","","https://www.google.com/search?tbm=map&q=Gardu%20Induk%20KEBONAGUNG&hl=id&gl=id","candidate"
"MTU-GI-UPT-MDN-GI-70KV-KERTOSONO","GI 70KV KERTOSONO","UPT-MDN","MTU-ULTG-UPT-MDN-KEDIRI","-7.6148929","112.0982897","0x2e784687d0fa268d:0xb50c97a5a0a6896e","PLN Gardu Induk Kertosono","","https://www.google.com/search?tbm=map&q=Gardu%20Induk%20KERTOSONO&hl=id&gl=id","candidate"
"MTU-GI-UPT-MDN-GI-70KV-MAGETAN-bb4a4e9e5afbf0a5","GI 70KV MAGETAN","UPT-MDN","MTU-ULTG-UPT-MDN-MADIUN","-7.6443046","111.3296958","0x2e79923575c2707f:0x60eafeec7bcb524a","Gardu Induk Magetan","","https://www.google.com/search?tbm=map&q=Gardu%20Induk%20MAGETAN&hl=id&gl=id","candidate"
"MTU-GI-UPT-MDN-GI-70KV-MANISREJO","GI 70KV MANISREJO","UPT-MDN","MTU-ULTG-UPT-MDN-MADIUN","-7.6403582","111.5478083","0x2e79bebd83a7af47:0x74d1dbff42e06dcc","Gardu Induk Manisrejo","","https://www.google.com/search?tbm=map&q=Gardu%20Induk%20MANISREJO&hl=id&gl=id","candidate"
"MTU-GI-UPT-GRS-GI-70KV-MANYAR-4d8af2db31429d66","GI 70KV MANYAR","UPT-GRS","MTU-ULTG-UPT-GRS-GRESIK","-7.128371899999999","112.61303939999999","0x2e77ff0054401735:0x5e5f86d1b6e2d4b0","Gardu Induk Manyar 150kV dan 70kV","","https://www.google.com/search?tbm=map&q=Gardu%20Induk%20MANYAR&hl=id&gl=id","candidate"
"MTU-GI-UPT-SBY-GI-70KV-MASPION-f080564f461c13a5","GI 70KV MASPION","UPT-SBY","ULTG-28V8Y3","","","","","","https://www.google.com/search?tbm=map&q=Gardu%20Induk%20MASPION&hl=id&gl=id","no_poi_match"
"MTU-GI-UPT-GRS-GI-70KV-MASPIONSBM-6e6b4f3e7e608ac4","GI 70KV MASPIONSBM","UPT-GRS","MTU-ULTG-UPT-GRS-GRESIK","","","","","","https://www.google.com/search?tbm=map&q=Gardu%20Induk%20MASPIONSBM&hl=id&gl=id","no_poi_match"
"MTU-GI-UPT-MLG-GI-70KV-MENDALAN","GI 70KV MENDALAN","UPT-MLG","MTU-ULTG-UPT-MLG-MOJOKERTO","","","","","","https://www.google.com/search?tbm=map&q=Gardu%20Induk%20MENDALAN&hl=id&gl=id","no_poi_match"
"MTU-GI-UPT-MLG-GI-70KV-MIWON-ea8958b3bc950426","GI 70KV MIWON","UPT-MLG","MTU-ULTG-UPT-MLG-KRIAN","-7.3667728","112.6092963","0x2e7809004e4d1639:0x11b663a21840cf8b","Gardu Induk 150kV Miwon","","https://www.google.com/search?tbm=map&q=Gardu%20Induk%20MIWON&hl=id&gl=id","candidate"
"MTU-GI-UPT-MDN-GI-70KV-MRANGGEN","GI 70KV MRANGGEN","UPT-MDN","MTU-ULTG-UPT-MDN-MADIUN","","","","","","https://www.google.com/search?tbm=map&q=Gardu%20Induk%20MRANGGEN&hl=id&gl=id","no_poi_match"
"MTU-GI-UPT-MDN-GI-70KV-NGANJUK-031cb0682b3edbb7","GI 70KV NGANJUK","UPT-MDN","MTU-ULTG-UPT-MDN-MADIUN","-7.6110045","111.912961","0x2e784ba46544eba9:0xc559743f8f62bd02","Gardu Induk Nganjuk","","https://www.google.com/search?tbm=map&q=Gardu%20Induk%20NGANJUK&hl=id&gl=id","candidate"
"MTU-GI-UPT-MDN-GI-70KV-PACITAN-052586919e420f0a","GI 70KV PACITAN","UPT-MDN","MTU-ULTG-UPT-MDN-MADIUN","","","","","","https://www.google.com/search?tbm=map&q=Gardu%20Induk%20PACITAN&hl=id&gl=id","no_poi_match"
"MTU-GI-UPT-PBG-GI-70KV-PANDAAN-0bfcc35363ccec1e","GI 70KV PANDAAN","UPT-PBG","MTU-ULTG-UPT-PBG-BANGIL","-7.638895199999999","112.7017961","0x2dd7d99b6b64ba53:0x4f272819a366ba1f","PLN Gardu Induk 150kV Pandaan","","https://www.google.com/search?tbm=map&q=Gardu%20Induk%20PANDAAN&hl=id&gl=id","candidate"
"MTU-GI-UPT-MDN-GI-70KV-PARE","GI 70KV PARE","UPT-MDN","MTU-ULTG-UPT-MDN-KEDIRI","-7.854933","112.169857","0x2e785f830b1912ad:0xf98bc407c284a9d4","Gardu Induk Pare","","https://www.google.com/search?tbm=map&q=Gardu%20Induk%20PARE&hl=id&gl=id","candidate"
"MTU-GI-UPT-SBY-GI-70KV-PERAK-d0c571aac92baa74","GI 70KV PERAK","UPT-SBY","ULTG-PLNM","","","","","","https://www.google.com/search?tbm=map&q=Gardu%20Induk%20PERAK&hl=id&gl=id","no_poi_match"
"MTU-GI-UPT-MLG-GI-70KV-PLOSO","GI 70KV PLOSO","UPT-MLG","MTU-ULTG-UPT-MLG-MOJOKERTO","","","","","","https://www.google.com/search?tbm=map&q=Gardu%20Induk%20PLOSO&hl=id&gl=id","no_poi_match"
"MTU-GI-UPT-MDN-GI-70KV-PLTA-TULUNGAGUNG-0652fdd655039227","GI 70KV PLTA TULUNGAGUNG","UPT-MDN","MTU-ULTG-UPT-MDN-KEDIRI","","","","","","https://www.google.com/search?tbm=map&q=Gardu%20Induk%20PLTA%20TULUNGAGUNG&hl=id&gl=id","no_poi_match"
"MTU-GI-UPT-MLG-GI-70KV-POLEHAN","GI 70KV POLEHAN","UPT-MLG","MTU-ULTG-UPT-MLG-MALANG","-7.984874","112.64285179999999","0x2dd62814cc0afda3:0x170ed6cc1fbfbbec","Gardu Induk Polehan","","https://www.google.com/search?tbm=map&q=Gardu%20Induk%20POLEHAN&hl=id&gl=id","candidate"
"MTU-GI-UPT-MDN-GI-70KV-PONOROGO","GI 70KV PONOROGO","UPT-MDN","MTU-ULTG-UPT-MDN-MADIUN","","","","","","https://www.google.com/search?tbm=map&q=Gardu%20Induk%20PONOROGO&hl=id&gl=id","no_poi_match"
"MTU-GI-UPT-SBY-GI-70KV-PORONG-9d09bac5620c9838","GI 70KV PORONG","UPT-SBY","ULTG-28V8Y3","-7.5323104","112.70145","0x2dd7de6d3f00b785:0x15215a1efb2fab52","Gardu Induk Porong","","https://www.google.com/search?tbm=map&q=Gardu%20Induk%20PORONG&hl=id&gl=id","candidate"
"MTU-GI-UPT-GRS-GI-70KV-SEGOROMADU","GI 70KV SEGOROMADU","UPT-GRS","MTU-ULTG-UPT-GRS-GRESIK","-7.194514799999999","112.6368425","0x2dd7fff6883aa0bb:0x6605e219f76698b4","PT. PLN (Persero) GI Altaprima","","https://www.google.com/search?tbm=map&q=Gardu%20Induk%20SEGOROMADU&hl=id&gl=id","candidate"
"MTU-GI-UPT-MLG-GI-70KV-SEKARPUTIH","GI 70KV SEKARPUTIH","UPT-MLG","MTU-ULTG-UPT-MLG-MOJOKERTO","","","","","","https://www.google.com/search?tbm=map&q=Gardu%20Induk%20SEKARPUTIH&hl=id&gl=id","no_poi_match"
"MTU-GI-UPT-MLG-GI-70KV-SELOREJO-7d2bfd622989fb4d","GI 70KV SELOREJO","UPT-MLG","MTU-ULTG-UPT-MLG-MALANG","","","","","","https://www.google.com/search?tbm=map&q=Gardu%20Induk%20SELOREJO&hl=id&gl=id","no_poi_match"
"MTU-GI-UPT-GRS-GI-70KV-SEMENGRESIK-12c165ccfb10ded2","GI 70KV SEMENGRESIK","UPT-GRS","MTU-ULTG-UPT-GRS-GRESIK","-7.1733058","112.647779","0x2dd8010043669f6b:0x4ca91aefb5dbfd80","PLN Gardu Induk Semen Gresik","","https://www.google.com/search?tbm=map&q=Gardu%20Induk%20SEMENGRESIK&hl=id&gl=id","candidate"
"MTU-GI-UPT-MLG-GI-70KV-SENGGURUH","GI 70KV SENGGURUH","UPT-MLG","MTU-ULTG-UPT-MLG-MALANG","","","","","","https://www.google.com/search?tbm=map&q=Gardu%20Induk%20SENGGURUH&hl=id&gl=id","no_poi_match"
"MTU-GI-UPT-MLG-GI-70KV-SENGKALING-b1f2eaf4795c7778","GI 70KV SENGKALING","UPT-MLG","MTU-ULTG-UPT-MLG-MALANG","","","","","","https://www.google.com/search?tbm=map&q=Gardu%20Induk%20SENGKALING&hl=id&gl=id","no_poi_match"
"MTU-GI-UPT-MLG-GI-70KV-SIMAN","GI 70KV SIMAN","UPT-MLG","MTU-ULTG-UPT-MLG-MOJOKERTO","-7.8289329","112.3081342","0x2e786100775474e9:0xc8d0219cfb161cc0","PLN Gardu Induk Siman","","https://www.google.com/search?tbm=map&q=Gardu%20Induk%20SIMAN&hl=id&gl=id","candidate"
"MTU-GI-UPT-PBG-GI-70KV-SUKOREJO-35bdcf5abce64346","GI 70KV SUKOREJO","UPT-PBG","MTU-ULTG-UPT-PBG-BANGIL","-7.7396367999999995","112.7281168","0x2dd7d1459bba82d7:0xa3f119c155b91cfd","Gardu Induk 70kV Sukorejo","","https://www.google.com/search?tbm=map&q=Gardu%20Induk%20SUKOREJO&hl=id&gl=id","candidate"
"MTU-GI-UPT-MLG-GI-70KV-TARIK","GI 70KV TARIK","UPT-MLG","MTU-ULTG-UPT-MLG-MOJOKERTO","-7.4598711","112.497203","0x2e780c3f053eedb3:0xc7859c3a30618a59","PLN GI Tarik","","https://www.google.com/search?tbm=map&q=Gardu%20Induk%20TARIK&hl=id&gl=id","candidate"
"MTU-GI-UPT-MLG-GI-70KV-TJIWIKIMIA-bfe6f7f18ae6441f","GI 70KV TJIWIKIMIA","UPT-MLG","MTU-ULTG-UPT-MLG-MOJOKERTO","-7.4387973999999994","112.47233229999999","0x2e780e7ebff0296d:0xb1dff3f7470b451c","Gardu Induk Tjiwi Kimia","","https://www.google.com/search?tbm=map&q=Gardu%20Induk%20TJIWIKIMIA&hl=id&gl=id","candidate"
"MTU-GI-UPT-MDN-GI-70KV-TRENGGALEK","GI 70KV TRENGGALEK","UPT-MDN","MTU-ULTG-UPT-MDN-KEDIRI","","","","","","https://www.google.com/search?tbm=map&q=Gardu%20Induk%20TRENGGALEK&hl=id&gl=id","no_poi_match"
"MTU-GI-UPT-MDN-GI-70KV-TULUNGAGUNG","GI 70KV TULUNGAGUNG","UPT-MDN","MTU-ULTG-UPT-MDN-KEDIRI","","","","","","https://www.google.com/search?tbm=map&q=Gardu%20Induk%20TULUNGAGUNG&hl=id&gl=id","no_poi_match"
"MTU-GI-UPT-MLG-GI-70KV-TUREN","GI 70KV TUREN","UPT-MLG","MTU-ULTG-UPT-MLG-MALANG","-8.1722587","112.6871444","0x2dd61f689ea0ec3d:0xf0b219d377f65e6a","PLN Gardu Induk Turen","","https://www.google.com/search?tbm=map&q=Gardu%20Induk%20TUREN&hl=id&gl=id","candidate"
"MTU-GI-UPT-SBY-GI-70KV-WARU-dd1a5350d6e76139","GI 70KV WARU","UPT-SBY","ULTG-28V8Y3","","","","","","https://www.google.com/search?tbm=map&q=Gardu%20Induk%20WARU&hl=id&gl=id","no_poi_match"
"MTU-GI-UPT-MLG-GI-70KV-WLINGI-26a7da0a593ba125","GI 70KV WLINGI","UPT-MLG","MTU-ULTG-UPT-MLG-MALANG","","","","","","https://www.google.com/search?tbm=map&q=Gardu%20Induk%20WLINGI&hl=id&gl=id","no_poi_match"
"MTU-GI-KHS-a96b369b281b59522af8f37e","GI KARANGKATES","UPT-MLG","MTU-ULTG-UPT-MLG-MALANG","","","","","","https://www.google.com/search?tbm=map&q=Gardu%20Induk%20GI%20KARANGKATES&hl=id&gl=id","no_poi_match"
"MTU-GI-UPT-BLI-GIS-150KV-BANDARA-NGURAHRAI-698a45f5362b598a","GIS 150KV BANDARA NGURAHRAI","UPT-BLI","MTU-ULTG-UPT-BLI-BALI...","-8.7544252","115.17072879999999","0x2dd24414a9527987:0x63d03e2ce9019258","Gardu Induk GIS Bandara","","https://www.google.com/search?tbm=map&q=Gardu%20Induk%20BANDARA%20NGURAHRAI&hl=id&gl=id","candidate"
"MTU-GI-UPT-PBG-GIS-150KV-BANGIL-dca4eb4fe03e3263","GIS 150KV BANGIL","UPT-PBG","MTU-ULTG-UPT-PBG-BANGIL","-7.676901","112.7427168","0x2dd7d1002da7e61b:0xed50c7db2364e14e","GITET 500 kV Bangil","","https://www.google.com/search?tbm=map&q=Gardu%20Induk%20BANGIL&hl=id&gl=id","candidate"
"MTU-GI-UPT-SBY-GIS-150KV-BUDURAN","GIS 150KV BUDURAN","UPT-SBY","ULTG-28V8Y3","-7.4235055","112.72151559999999","0x2dd7e530050b614f:0x57fd96a0d102b378","PT. PLN (Persero) Gardu Induk 150kV Buduran","","https://www.google.com/search?tbm=map&q=Gardu%20Induk%20BUDURAN&hl=id&gl=id","candidate"
"MTU-GI-UPT-BLI-GIS-150KV-CELUKAN-BAWANG-7d99c16ec4ff74f3","GIS 150KV CELUKAN BAWANG","UPT-BLI","MTU-ULTG-UPT-BLI-BALI-UTARA...","","","","","","https://www.google.com/search?tbm=map&q=Gardu%20Induk%20CELUKAN%20BAWANG&hl=id&gl=id","no_poi_match"
"MTU-GI-UPT-SBY-GIS-150KV-DARMOGRANDE-a67578b02ffdc8cc","GIS 150KV DARMOGRANDE","UPT-SBY","ULTG-28V8Y3","-7.2879837","112.67469349999999","0x2dd7fc3662938fbb:0x9a24c26385910e06","GI 150kV Darmo Grande","","https://www.google.com/search?tbm=map&q=Gardu%20Induk%20DARMOGRANDE&hl=id&gl=id","candidate"
"MTU-GI-UPT-MLG-GIS-150KV-DRIYOREJO","GIS 150KV DRIYOREJO","UPT-MLG","MTU-ULTG-UPT-MLG-KRIAN","-7.369088199999999","112.6000636","0x2e7808139134addb:0xe987c8dafed3d64c","Gardu Induk Driyorejo","","https://www.google.com/search?tbm=map&q=Gardu%20Induk%20DRIYOREJO&hl=id&gl=id","candidate"
"MTU-GI-UPT-SBY-GIS-150KV-GEMBONG-8e7400e7f106e92e","GIS 150KV GEMBONG","UPT-SBY","ULTG-PLNM","","","","","","https://www.google.com/search?tbm=map&q=Gardu%20Induk%20GEMBONG&hl=id&gl=id","no_poi_match"
"MTU-GI-UPT-GRS-GIS-150KV-GRESIK-cef86f1f6e699c73","GIS 150KV GRESIK","UPT-GRS","MTU-ULTG-UPT-GRS-GRESIK","","","","","","https://www.google.com/search?tbm=map&q=Gardu%20Induk%20GRESIK&hl=id&gl=id","no_poi_match"
"MTU-GI-UPT-SBY-GIS-150KV-GUNUNGSARI-bc6cbd81ae15af30","GIS 150KV GUNUNGSARI","UPT-SBY","ULTG-28V8Y3","-7.302676","112.70668409999999","0x2dd7fd0001df9f07:0xe04d2566fa4fdf55","PLN GARDU INDUK GUNUNGSARI","","https://www.google.com/search?tbm=map&q=Gardu%20Induk%20GUNUNGSARI&hl=id&gl=id","candidate"
"MTU-GI-UPT-MLG-GIS-150KV-KARANGPILANG","GIS 150KV KARANGPILANG","UPT-MLG","MTU-ULTG-UPT-MLG-KRIAN","-7.326526599999999","112.6504987","0x2dd7fd1145acfdc7:0x1837565cc709e117","Gardu Induk Pln Karang Pilang","","https://www.google.com/search?tbm=map&q=Gardu%20Induk%20KARANGPILANG&hl=id&gl=id","candidate"
"MTU-GI-UPT-SBY-GIS-150KV-KEDINDING-19e9eb5c9221b594","GIS 150KV KEDINDING","UPT-SBY","ULTG-PLNM","-7.2221693","112.7817723","0x2dd7f91e1cc34c67:0x93e430bb544a1eb9","GIS KEDINDING","","https://www.google.com/search?tbm=map&q=Gardu%20Induk%20KEDINDING&hl=id&gl=id","candidate"
"MTU-GI-UPT-SBY-GIS-150KV-KREMBANGAN-2506142a668daf93","GIS 150KV KREMBANGAN","UPT-SBY","ULTG-PLNM","-7.224461499999999","112.72505869999999","0x2dd7f8d70aa10b19:0x4c0f6aebab04a030","GIS 150 kV Krembangan","","https://www.google.com/search?tbm=map&q=Gardu%20Induk%20KREMBANGAN&hl=id&gl=id","candidate"
"MTU-GI-UPT-SBY-GIS-150KV-KUPANG-ebcb792fdcc3b3e1","GIS 150KV KUPANG","UPT-SBY","ULTG-PLNM","-7.2683618","112.73555789999999","0x2dd7fbe1c90f81f5:0xa21d9ab228139439","GIS Kupang","","https://www.google.com/search?tbm=map&q=Gardu%20Induk%20KUPANG&hl=id&gl=id","candidate"
"MTU-GI-UPT-SBY-GIS-150KV-NGAGEL-72a9e0d9c2db86b2","GIS 150KV NGAGEL","UPT-SBY","ULTG-PLNM","-7.288945999999999","112.7488941","0x2dd7fbb84f91d6d7:0xb200b486334e2fb4","GI NGAGEL","","https://www.google.com/search?tbm=map&q=Gardu%20Induk%20NGAGEL&hl=id&gl=id","candidate"
"MTU-GI-UPT-BLI-GIS-150KV-PECATU-629ddec2e1597fbc","GIS 150KV PECATU","UPT-BLI","MTU-ULTG-UPT-BLI-BALI-SELATAN","-8.8200221","115.141587","0x2dd25b204b4c12f1:0x947e4a3eaed5e738","GIS 150 kV Pecatu","","https://www.google.com/search?tbm=map&q=Gardu%20Induk%20PECATU&hl=id&gl=id","candidate"
"MTU-GI-UPT-BLI-GIS-150KV-PESANGGARAN-97b6fd1c336eca8e","GIS 150KV PESANGGARAN","UPT-BLI","MTU-ULTG-UPT-BLI-BALI-SELATAN","-8.718229899999999","115.2106599","0x2dd241425ba49c41:0x1cf2da263c1ad551","Gardu Induk Pesanggaran","","https://www.google.com/search?tbm=map&q=Gardu%20Induk%20PESANGGARAN&hl=id&gl=id","candidate"
"MTU-GI-UPT-MDN-GIS-150KV-PLTU-PACITAN-0945ac726526a4ca","GIS 150KV PLTU PACITAN","UPT-MDN","MTU-ULTG-UPT-MDN-MADIUN","","","","","","https://www.google.com/search?tbm=map&q=Gardu%20Induk%20PLTU%20PACITAN&hl=id&gl=id","no_poi_match"
"MTU-GI-UPT-SBY-GIS-150KV-SAWAHAN","GIS 150KV SAWAHAN","UPT-SBY","ULTG-PLNM","","","","","","https://www.google.com/search?tbm=map&q=Gardu%20Induk%20SAWAHAN&hl=id&gl=id","no_poi_match"
"MTU-GI-UPT-SBY-GIS-150KV-SIMPANG-cac9dee9a1af7c9e","GIS 150KV SIMPANG","UPT-SBY","ULTG-PLNM","-7.264479199999999","112.7516811","0x2dd7f97d2fc2a937:0xc095ed0e2ebe94df","Gardu induk 150 kV Simpang","","https://www.google.com/search?tbm=map&q=Gardu%20Induk%20SIMPANG&hl=id&gl=id","candidate"
"MTU-GI-UPT-BLI-GIS-150KV-TANAH-LOT-5a23d470b99d10c3","GIS 150KV TANAH LOT","UPT-BLI","MTU-ULTG-UPT-BLI-BALI-UTARA","-8.5869878","115.1026917","0x2dd239fb29c23c8d:0x7221c3def4462537","GIS Tanah Lot","","https://www.google.com/search?tbm=map&q=Gardu%20Induk%20TANAH%20LOT&hl=id&gl=id","candidate"
"MTU-GI-UPT-GRS-GIS-150KV-TANDES-bc49cb78bb7585e8","GIS 150KV TANDES","UPT-GRS","MTU-ULTG-UPT-GRS-GRESIK","-7.2567284","112.6850053","0x2dd7fe912fb9ac19:0xcab64bd689bfdaf8","GIS Tandes","","https://www.google.com/search?tbm=map&q=Gardu%20Induk%20TANDES&hl=id&gl=id","candidate"
"MTU-GI-UPT-SBY-GIS-150KV-UJUNG-be6932d54c3def1e","GIS 150KV UJUNG","UPT-SBY","ULTG-PLNM","","","","","","https://www.google.com/search?tbm=map&q=Gardu%20Induk%20UJUNG&hl=id&gl=id","no_poi_match"
"MTU-GI-UPT-SBY-GIS-150KV-UNDAAN-cc8767a7757dd144","GIS 150KV UNDAAN","UPT-SBY","ULTG-PLNM","-7.254931","112.74265","0x2dd7f968fa9a400b:0x33b5c33c39020f23","PT PLN GIS I50 Undaan","","https://www.google.com/search?tbm=map&q=Gardu%20Induk%20UNDAAN&hl=id&gl=id","candidate"
"MTU-GI-UPT-SBY-GIS-150KV-WARU","GIS 150KV WARU","UPT-SBY","ULTG-28V8Y3","","","","","","https://www.google.com/search?tbm=map&q=Gardu%20Induk%20WARU&hl=id&gl=id","no_poi_match"
"MTU-GI-UPT-SBY-GIS-150KV-WONOKROMO-3f5ab3516836a2dc","GIS 150KV WONOKROMO","UPT-SBY","ULTG-PLNM","","","","","","https://www.google.com/search?tbm=map&q=Gardu%20Induk%20WONOKROMO&hl=id&gl=id","no_poi_match"
"MTU-GI-UPT-GRS-GISTET-500KV-GRESIK-244d032dca4d67ea","GISTET 500KV GRESIK","UPT-GRS","MTU-ULTG-UPT-GRS-GRESIK","","","","","","https://www.google.com/search?tbm=map&q=Gardu%20Induk%20GRESIK&hl=id&gl=id","no_poi_match"
"MTU-GI-UPT-PBG-GISTET-500KV-PAITON","GISTET 500KV PAITON","UPT-PBG","MTU-ULTG-UPT-PBG-PROBOLINGGO","-7.7184905","113.5817125","0x2dd71cb12791246d:0x268527aad17317e9","GITET Paiton","","https://www.google.com/search?tbm=map&q=Gardu%20Induk%20PAITON&hl=id&gl=id","candidate"
"MTU-GI-UPT-PBG-GITET-500KV-GRATI","GITET 500KV GRATI","UPT-PBG","MTU-ULTG-UPT-PBG-PROBOLINGGO","-7.6541694","113.0250726","0x2dd7b9004c87c3f3:0xbf93332b37c8a54c","GITET 500 KV GRATI","","https://www.google.com/search?tbm=map&q=Gardu%20Induk%20GITET%20500KV%20GRATI&hl=id&gl=id","candidate"
"MTU-GI-UPT-MDN-GITET-500KV-KEDIRI-8711ffde67369ba8","GITET 500KV KEDIRI","UPT-MDN","MTU-ULTG-UPT-MDN-KEDIRI","-7.8399659999999995","112.03619099999999","0x2e7857852e22fd65:0xf1db1226bfe0cf52","GITET Kediri","","https://www.google.com/search?tbm=map&q=Gardu%20Induk%20GITET%20500KV%20KEDIRI&hl=id&gl=id","candidate"
"MTU-GI-UPT-MLG-GITET-500KV-KRIAN","GITET 500KV KRIAN","UPT-MLG","MTU-ULTG-UPT-MLG-KRIAN","-7.3461509","112.6033405","0x2e7807e5c04616cf:0x5a40b9dbd9e5eda4","PT. PLN (Persero) GITET Krian","","https://www.google.com/search?tbm=map&q=Gardu%20Induk%20GITET%20500KV%20KRIAN&hl=id&gl=id","candidate"
"MTU-GI-UPT-MDN-GITET-500KV-NGIMBANG-26476352f9d00a03","GITET 500KV NGIMBANG","UPT-MDN","MTU-ULTG-UPT-MDN-BABAT","","","","","","https://www.google.com/search?tbm=map&q=Gardu%20Induk%20GITET%20500KV%20NGIMBANG&hl=id&gl=id","no_poi_match"
