"gi_id","gi_name","lat","lng","poi_title","url","status"
"MTU-GI-KHS-8ec4137f100d9d9f765b09cb","GI 150KV NEW NGANJUK","","","","https://www.google.com/search?tbm=map&q=GI%20NEW%20NGANJUK&hl=id&gl=id","none"
"MTU-GI-KHS-ceef28ec335e2111efb0ca7e","GI 150KV CARUBAN","","","","https://www.google.com/search?tbm=map&q=GI%20CARUBAN&hl=id&gl=id","none"
"MTU-GI-UPT-BLI-GI-150KV-BATURITI-aaa495593e39029a","GI 150KV BATURITI","-8.2575559","115.16160029999999","Gardu Induk Baturiti","https://www.google.com/search?tbm=map&q=GI%20BATURITI&hl=id&gl=id","candidate"
"MTU-GI-UPT-BLI-GI-150KV-KAPAL","GI 150KV KAPAL","-7.3227499","112.70989759999999","Penyebrangan Tambangan Perahu Kedurus-Pagesangan I","https://www.google.com/search?tbm=map&q=GI%20KAPAL&hl=id&gl=id","candidate"
"MTU-GI-UPT-BLI-GI-150KV-SANUR-ad77a05028977661","GI 150KV SANUR","-8.674476","115.25372739999999","Gardu Induk Sanur","https://www.google.com/search?tbm=map&q=GI%20SANUR&hl=id&gl=id","candidate"
"MTU-GI-UPT-BLI-GIS-150KV-CELUKAN-BAWANG-7d99c16ec4ff74f3","GIS 150KV CELUKAN BAWANG","","","","https://www.google.com/search?tbm=map&q=GI%20CELUKAN%20BAWANG&hl=id&gl=id","none"
"MTU-GI-UPT-GRS-GI-150KV-PLTU-GRESIK","GI 150KV PLTU GRESIK","-7.1682898999999995","112.6613587","GI PLTU Gresik","https://www.google.com/search?tbm=map&q=GI%20PLTU%20GRESIK&hl=id&gl=id","candidate"
"MTU-GI-UPT-GRS-GI-70KV-BARATA-b7a6cc1310843034","GI 70KV BARATA","","","","https://www.google.com/search?tbm=map&q=GI%20BARATA&hl=id&gl=id","none"
"MTU-GI-UPT-GRS-GI-70KV-MASPIONSBM-6e6b4f3e7e608ac4","GI 70KV MASPIONSBM","","","","https://www.google.com/search?tbm=map&q=GI%20MASPIONSBM&hl=id&gl=id","none"
"MTU-GI-UPT-GRS-GIS-150KV-GRESIK-cef86f1f6e699c73","GIS 150KV GRESIK","","","","https://www.google.com/search?tbm=map&q=GI%20GRESIK&hl=id&gl=id","none"
"MTU-GI-UPT-GRS-GISTET-500KV-GRESIK-244d032dca4d67ea","GISTET 500KV GRESIK","","","","https://www.google.com/search?tbm=map&q=GI%20GRESIK&hl=id&gl=id","none"
"MTU-GI-UPT-MDN-GI-150KV-KEDIRI","GI 150KV KEDIRI","-7.836843","112.03212769999999","GI Banaran","https://www.google.com/search?tbm=map&q=GI%20KEDIRI&hl=id&gl=id","candidate"
"MTU-GI-UPT-MDN-GI-150KV-NEWPACITAN-88f1d4b208729db7","GI 150KV NEWPACITAN","-8.1833567","111.1132916","PT PLN (Persero) GI New Pacitan","https://www.google.com/search?tbm=map&q=GI%20NEWPACITAN&hl=id&gl=id","candidate"
"MTU-GI-UPT-MDN-GI-150KV-NEWPONOROGO-10277bd25a02c7c9","GI 150KV NEWPONOROGO","","","","https://www.google.com/search?tbm=map&q=GI%20NEWPONOROGO&hl=id&gl=id","none"
"MTU-GI-UPT-MDN-GI-150KV-NEWTULUNGAGUNG-fa4ed2495a6e2db5","GI 150KV NEWTULUNGAGUNG","","","","https://www.google.com/search?tbm=map&q=GI%20NEWTULUNGAGUNG&hl=id&gl=id","none"
"MTU-GI-UPT-MDN-GI-150KV-NGANJUK-II-7a4a9613f006aa6e","GI 150KV NGANJUK II","-7.6418227","111.87027359999999","Gardu Induk 150 kV Nganjuk II","https://www.google.com/search?tbm=map&q=GI%20NGANJUK%20II&hl=id&gl=id","candidate"
"MTU-GI-UPT-MDN-GI-150KV-PACIRAN-530b7eff2f3e07db","GI 150KV PACIRAN","-6.8907780999999995","112.43425309999999","GI Paciran","https://www.google.com/search?tbm=map&q=GI%20PACIRAN&hl=id&gl=id","candidate"
"MTU-GI-UPT-MDN-GI-150KV-SURYAZIGZAG","GI 150KV SURYAZIGZAG","","","","https://www.google.com/search?tbm=map&q=GI%20SURYAZIGZAG&hl=id&gl=id","none"
"MTU-GI-UPT-MDN-GI-150KV-TANJUNG-AWAR-AWAR-3a041f23e60f359c","GI 150KV TANJUNG AWAR AWAR","","","","https://www.google.com/search?tbm=map&q=GI%20TANJUNG%20AWAR%20AWAR&hl=id&gl=id","none"
"MTU-GI-UPT-MDN-GI-30KV-DOLOPO-7275c9c1a2e6e566","GI 30KV DOLOPO","-7.747163","111.528364","PT. PLN Gardu Induk 70 Kv Dolopo","https://www.google.com/search?tbm=map&q=GI%20DOLOPO&hl=id&gl=id","candidate"
"MTU-GI-UPT-MDN-GI-30KV-GIRINGAN-68577853a06f25b1","GI 30KV GIRINGAN","","","","https://www.google.com/search?tbm=map&q=GI%20GIRINGAN&hl=id&gl=id","none"
"MTU-GI-UPT-MDN-GI-30KV-GOLANG-2ecad890eef979aa","GI 30KV GOLANG","-7.196262399999999","111.51658189999999","Golang galing lek go","https://www.google.com/search?tbm=map&q=GI%20GOLANG&hl=id&gl=id","candidate"
"MTU-GI-UPT-MDN-GI-30KV-NGEBEL-0c5a6f22605afa40","GI 30KV NGEBEL","","","","https://www.google.com/search?tbm=map&q=GI%20NGEBEL&hl=id&gl=id","none"
"MTU-GI-UPT-MDN-GI-30KV-TULUNGAGUNG-903d8d0c76afa936","GI 30KV TULUNGAGUNG","","","","https://www.google.com/search?tbm=map&q=GI%20TULUNGAGUNG&hl=id&gl=id","none"
"MTU-GI-UPT-MDN-GI-70KV-BLITAR-BARU","GI 70KV BLITAR BARU","-8.095462699999999","112.16090559999999","Blitar","https://www.google.com/search?tbm=map&q=GI%20BLITAR%20BARU&hl=id&gl=id","candidate"
"MTU-GI-UPT-MDN-GI-70KV-CARUBAN-bafc995256555b9c","GI 70KV CARUBAN","","","","https://www.google.com/search?tbm=map&q=GI%20CARUBAN&hl=id&gl=id","none"
"MTU-GI-UPT-MDN-GI-70KV-DOLOPO","GI 70KV DOLOPO","-7.747163","111.528364","PT. PLN Gardu Induk 70 Kv Dolopo","https://www.google.com/search?tbm=map&q=GI%20DOLOPO&hl=id&gl=id","candidate"
"MTU-GI-UPT-MDN-GI-70KV-GUDANGGARAM-6409d92e40cd308b","GI 70KV GUDANGGARAM","","","","https://www.google.com/search?tbm=map&q=GI%20GUDANGGARAM&hl=id&gl=id","none"
"MTU-GI-UPT-MDN-GI-70KV-PACITAN-052586919e420f0a","GI 70KV PACITAN","-8.1833567","111.1132916","PT PLN (Persero) GI New Pacitan","https://www.google.com/search?tbm=map&q=GI%20PACITAN&hl=id&gl=id","candidate"
"MTU-GI-UPT-MDN-GI-70KV-PLTA-TULUNGAGUNG-0652fdd655039227","GI 70KV PLTA TULUNGAGUNG","","","","https://www.google.com/search?tbm=map&q=GI%20PLTA%20TULUNGAGUNG&hl=id&gl=id","none"
"MTU-GI-UPT-MDN-GI-70KV-TRENGGALEK","GI 70KV TRENGGALEK","","","","https://www.google.com/search?tbm=map&q=GI%20TRENGGALEK&hl=id&gl=id","none"
"MTU-GI-UPT-MDN-GI-70KV-TULUNGAGUNG","GI 70KV TULUNGAGUNG","","","","https://www.google.com/search?tbm=map&q=GI%20TULUNGAGUNG&hl=id&gl=id","none"
"MTU-GI-UPT-MDN-GIS-150KV-PLTU-PACITAN-0945ac726526a4ca","GIS 150KV PLTU PACITAN","","","","https://www.google.com/search?tbm=map&q=GI%20PLTU%20PACITAN&hl=id&gl=id","none"
"MTU-GI-UPT-MDN-GITET-500KV-NGIMBANG-26476352f9d00a03","GITET 500KV NGIMBANG","-7.286706199999999","112.18903139999999","GITET Ngimbang","https://www.google.com/search?tbm=map&q=GI%20GITET%20500KV%20NGIMBANG&hl=id&gl=id","candidate"
"MTU-GI-UPT-MLG-GI-150KV-NEWWLINGI-d2c8f9a14f020aea","GI 150KV NEWWLINGI","-8.069295","112.31490649999999","Gardu Induk Bening Wlingi","https://www.google.com/search?tbm=map&q=GI%20NEWWLINGI&hl=id&gl=id","candidate"
"MTU-GI-UPT-MLG-GI-150KV-SEKARPUTIH","GI 150KV SEKARPUTIH","-7.4693143","112.4607408","PLN GI Sekar Putih","https://www.google.com/search?tbm=map&q=GI%20SEKARPUTIH&hl=id&gl=id","candidate"
"MTU-GI-UPT-MLG-GI-150KV-SENGKALING","GI 150KV SENGKALING","","","","https://www.google.com/search?tbm=map&q=GI%20SENGKALING&hl=id&gl=id","none"
"MTU-GI-UPT-MLG-GI-150KV-SURABAYA-BARAT","GI 150KV SURABAYA BARAT","","","","https://www.google.com/search?tbm=map&q=GI%20SURABAYA%20BARAT&hl=id&gl=id","none"
"MTU-GI-UPT-MLG-GI-150KV-SUTAMI","GI 150KV SUTAMI","","","","https://www.google.com/search?tbm=map&q=GI%20SUTAMI&hl=id&gl=id","none"
"MTU-GI-UPT-MLG-GI-150KV-WLINGI-01508f3af230b558","GI 150KV WLINGI","-8.1428602","112.24669589999999","GI WLINGI","https://www.google.com/search?tbm=map&q=GI%20WLINGI&hl=id&gl=id","candidate"
"MTU-GI-UPT-MLG-GI-70KV-AJINOMOTO","GI 70KV AJINOMOTO","","","","https://www.google.com/search?tbm=map&q=GI%20AJINOMOTO&hl=id&gl=id","none"
"MTU-GI-UPT-MLG-GI-70KV-BANGUN-1a52bc2115774b98","GI 70KV BANGUN","","","","https://www.google.com/search?tbm=map&q=GI%20BANGUN&hl=id&gl=id","none"
"MTU-GI-UPT-MLG-GI-70KV-MENDALAN","GI 70KV MENDALAN","","","","https://www.google.com/search?tbm=map&q=GI%20MENDALAN&hl=id&gl=id","none"
"MTU-GI-UPT-MLG-GI-70KV-PLOSO","GI 70KV PLOSO","-7.4880805","112.6969371","Blk. GI","https://www.google.com/search?tbm=map&q=GI%20PLOSO&hl=id&gl=id","candidate"
"MTU-GI-UPT-MLG-GI-70KV-SEKARPUTIH","GI 70KV SEKARPUTIH","-7.4693143","112.4607408","PLN GI Sekar Putih","https://www.google.com/search?tbm=map&q=GI%20SEKARPUTIH&hl=id&gl=id","candidate"
"MTU-GI-UPT-MLG-GI-70KV-SELOREJO-7d2bfd622989fb4d","GI 70KV SELOREJO","","","","https://www.google.com/search?tbm=map&q=GI%20SELOREJO&hl=id&gl=id","none"
"MTU-GI-UPT-MLG-GI-70KV-SENGGURUH","GI 70KV SENGGURUH","-8.1847238","112.5496402","GI SENGGURUH","https://www.google.com/search?tbm=map&q=GI%20SENGGURUH&hl=id&gl=id","candidate"
"MTU-GI-UPT-MLG-GI-70KV-SENGKALING-b1f2eaf4795c7778","GI 70KV SENGKALING","","","","https://www.google.com/search?tbm=map&q=GI%20SENGKALING&hl=id&gl=id","none"
"MTU-GI-UPT-MLG-GI-70KV-WLINGI-26a7da0a593ba125","GI 70KV WLINGI","-8.1428602","112.24669589999999","GI WLINGI","https://www.google.com/search?tbm=map&q=GI%20WLINGI&hl=id&gl=id","candidate"
"MTU-GI-UPT-PBG-GI-150KV-GENTENG-ee8b88d07fa1df65","GI 150KV GENTENG","","","","https://www.google.com/search?tbm=map&q=GI%20GENTENG&hl=id&gl=id","none"
"MTU-GI-UPT-PBG-GI-150KV-NEWPANDAAN-d8f3e4f7d877aade","GI 150KV NEWPANDAAN","","","","https://www.google.com/search?tbm=map&q=GI%20NEWPANDAAN&hl=id&gl=id","none"
"MTU-GI-UPT-PBG-GI-150KV-NEWPORONG-3a7f82e0b8123577","GI 150KV NEWPORONG","-7.5664272","112.7057157","Site GI New Porong","https://www.google.com/search?tbm=map&q=GI%20NEWPORONG&hl=id&gl=id","candidate"
"MTU-GI-UPT-SBY-GI-150KV-ISPATINDO-1ffbb085a1828416","GI 150KV ISPATINDO","","","","https://www.google.com/search?tbm=map&q=GI%20ISPATINDO&hl=id&gl=id","none"
"MTU-GI-UPT-SBY-GI-150KV-PERAK","GI 150KV PERAK","-7.2085871","112.72287379999999","GI Perak","https://www.google.com/search?tbm=map&q=GI%20PERAK&hl=id&gl=id","candidate"
"MTU-GI-UPT-SBY-GI-150KV-SIDOARJO","GI 150KV SIDOARJO","-7.495441899999999","112.70021919999999","PLN GI Sidoarjo","https://www.google.com/search?tbm=map&q=GI%20SIDOARJO&hl=id&gl=id","candidate"
"MTU-GI-UPT-SBY-GI-70KV-MASPION-f080564f461c13a5","GI 70KV MASPION","-7.3751745","112.7208175","GI Maspion","https://www.google.com/search?tbm=map&q=GI%20MASPION&hl=id&gl=id","candidate"
"MTU-GI-UPT-SBY-GI-70KV-PERAK-d0c571aac92baa74","GI 70KV PERAK","-7.2085871","112.72287379999999","GI Perak","https://www.google.com/search?tbm=map&q=GI%20PERAK&hl=id&gl=id","candidate"
"MTU-GI-UPT-SBY-GIS-150KV-GEMBONG-8e7400e7f106e92e","GIS 150KV GEMBONG","","","","https://www.google.com/search?tbm=map&q=GI%20GEMBONG&hl=id&gl=id","none"
"MTU-GI-UPT-SBY-GIS-150KV-SAWAHAN","GIS 150KV SAWAHAN","-7.2545281","112.7135323","GIS Sawahan","https://www.google.com/search?tbm=map&q=GI%20SAWAHAN&hl=id&gl=id","candidate"
"MTU-GI-UPT-SBY-GIS-150KV-UJUNG-be6932d54c3def1e","GIS 150KV UJUNG","","","","https://www.google.com/search?tbm=map&q=GI%20UJUNG&hl=id&gl=id","none"
"MTU-GI-UPT-SBY-GIS-150KV-WONOKROMO-3f5ab3516836a2dc","GIS 150KV WONOKROMO","","","","https://www.google.com/search?tbm=map&q=GI%20WONOKROMO&hl=id&gl=id","none"
