"gi_id","gi_name","upt_id","ultg_id","lat","lng","exact_map_url","provenance_source_url","verification_status"
"MTU-GI-KHS-8ec4137f100d9d9f765b09cb","GI 150KV NEW NGANJUK","UPT-MDN","MTU-ULTG-UPT-MDN-MADIUN","","","","https://www.google.com/search?tbm=map&q=Gardu%20Induk%20NEW%20NGANJUK&hl=id&gl=id","unverified"
"MTU-GI-KHS-a96b369b281b59522af8f37e","GI KARANGKATES","UPT-MLG","MTU-ULTG-UPT-MLG-MALANG","-8.160503","112.4426185","https://www.google.com/maps/search/?api=1&query=-8.160503,112.4426185","https://www.google.com/search?tbm=map&q=PLN%20GI%20GI%20KARANGKATES&hl=id&gl=id","verified_candidate_second_pass"
"MTU-GI-KHS-ceef28ec335e2111efb0ca7e","GI 150KV CARUBAN","UPT-MDN","MTU-ULTG-UPT-MDN-MADIUN","","","","https://www.google.com/search?tbm=map&q=Gardu%20Induk%20CARUBAN&hl=id&gl=id","unverified"
"MTU-GI-UPT-BLI-GI-150KV-AMLAPURA","GI 150KV AMLAPURA","UPT-BLI","MTU-ULTG-UPT-BLI-BALI-SELATAN","-8.4476697","115.5879473","https://www.google.com/maps/search/?api=1&query=-8.4476697,115.5879473","https://www.google.com/search?tbm=map&q=Gardu%20Induk%20AMLAPURA&hl=id&gl=id","verified_candidate"
"MTU-GI-UPT-BLI-GI-150KV-ANTOSARI-8f2cb2ca5a8211c9","GI 150KV ANTOSARI","UPT-BLI","MTU-ULTG-UPT-BLI-BALI-UTARA","-8.5159212","115.0146845","https://www.google.com/maps/search/?api=1&query=-8.5159212,115.0146845","https://www.google.com/search?tbm=map&q=Gardu%20Induk%20ANTOSARI&hl=id&gl=id","verified_candidate"
"MTU-GI-UPT-BLI-GI-150KV-BATURITI-aaa495593e39029a","GI 150KV BATURITI","UPT-BLI","MTU-ULTG-UPT-BLI-BALI-UTARA","-8.2575559","115.1616003","https://www.google.com/maps/search/?api=1&query=-8.2575559,115.1616003","https://www.google.com/search?tbm=map&q=GI%20BATURITI&hl=id&gl=id","verified_candidate_final"
"MTU-GI-UPT-BLI-GI-150KV-GIANYAR","GI 150KV GIANYAR","UPT-BLI","MTU-ULTG-UPT-BLI-BALI-SELATAN","-8.5615195","115.3349776","https://www.google.com/maps/search/?api=1&query=-8.5615195,115.3349776","https://www.google.com/search?tbm=map&q=Gardu%20Induk%20GIANYAR&hl=id&gl=id","verified_candidate"
"MTU-GI-UPT-BLI-GI-150KV-GILIMANUK","GI 150KV GILIMANUK","UPT-BLI","MTU-ULTG-UPT-BLI-BALI-UTARA","-8.1746641","114.4411515","https://www.google.com/maps/search/?api=1&query=-8.1746641,114.4411515","https://www.google.com/search?tbm=map&q=Gardu%20Induk%20GILIMANUK&hl=id&gl=id","verified_candidate"
"MTU-GI-UPT-BLI-GI-150KV-KAPAL","GI 150KV KAPAL","UPT-BLI","MTU-ULTG-UPT-BLI-BALI-UTARA","","","","https://www.google.com/search?tbm=map&q=Gardu%20Induk%20KAPAL&hl=id&gl=id","unverified"
"MTU-GI-UPT-BLI-GI-150KV-KUBU-414505700c253af5","GI 150KV KUBU","UPT-BLI","MTU-ULTG-UPT-BLI-BALI-SELATAN","-8.2036731","115.4971607","https://www.google.com/maps/search/?api=1&query=-8.2036731,115.4971607","https://www.google.com/search?tbm=map&q=Gardu%20Induk%20KUBU&hl=id&gl=id","verified_candidate"
"MTU-GI-UPT-BLI-GI-150KV-NEGARA","GI 150KV NEGARA","UPT-BLI","MTU-ULTG-UPT-BLI-BALI-UTARA","-8.3646387","114.6603329","https://www.google.com/maps/search/?api=1&query=-8.3646387,114.6603329","https://www.google.com/search?tbm=map&q=Gardu%20Induk%20NEGARA&hl=id&gl=id","verified_candidate"
"MTU-GI-UPT-BLI-GI-150KV-NUSADUA","GI 150KV NUSADUA","UPT-BLI","MTU-ULTG-UPT-BLI-BALI-SELATAN","-8.7978137","115.2224905","https://www.google.com/maps/search/?api=1&query=-8.7978137,115.2224905","https://www.google.com/search?tbm=map&q=Gardu%20Induk%20NUSADUA&hl=id&gl=id","verified_candidate"
"MTU-GI-UPT-BLI-GI-150KV-PADANG-SAMBIAN-259c58a2990f0d0f","GI 150KV PADANG SAMBIAN","UPT-BLI","MTU-ULTG-UPT-BLI-BALI-SELATAN","-8.6668242","115.1873666","https://www.google.com/maps/search/?api=1&query=-8.6668242,115.1873666","https://www.google.com/search?tbm=map&q=Gardu%20Induk%20PADANG%20SAMBIAN&hl=id&gl=id","verified_candidate"
"MTU-GI-UPT-BLI-GI-150KV-PAYANGAN-d4a07fcc94285991","GI 150KV PAYANGAN","UPT-BLI","MTU-ULTG-UPT-BLI-BALI-UTARA","-8.4442786","115.2422968","https://www.google.com/maps/search/?api=1&query=-8.4442786,115.2422968","https://www.google.com/search?tbm=map&q=Gardu%20Induk%20PAYANGAN&hl=id&gl=id","verified_candidate"
"MTU-GI-UPT-BLI-GI-150KV-PEMARON","GI 150KV PEMARON","UPT-BLI","MTU-ULTG-UPT-BLI-BALI-UTARA","-8.1357532","115.059445","https://www.google.com/maps/search/?api=1&query=-8.1357532,115.059445","https://www.google.com/search?tbm=map&q=Gardu%20Induk%20PEMARON&hl=id&gl=id","verified_candidate"
"MTU-GI-UPT-BLI-GI-150KV-PEMECUTAN-KELOD-b5092250971ccdd1","GI 150KV PEMECUTAN KELOD","UPT-BLI","MTU-ULTG-UPT-BLI-BALI-SELATAN","-8.6902197","115.1900826","https://www.google.com/maps/search/?api=1&query=-8.6902197,115.1900826","https://www.google.com/search?tbm=map&q=Gardu%20Induk%20PEMECUTAN%20KELOD&hl=id&gl=id","verified_candidate"
"MTU-GI-UPT-BLI-GI-150KV-PESANGGARAN-158430b58f6e60c7","GI 150KV PESANGGARAN","UPT-BLI","MTU-ULTG-UPT-BLI-BALI-SELATAN","-8.7182299","115.2106599","https://www.google.com/maps/search/?api=1&query=-8.7182299,115.2106599","https://www.google.com/search?tbm=map&q=Gardu%20Induk%20PESANGGARAN&hl=id&gl=id","verified_candidate"
"MTU-GI-UPT-BLI-GI-150KV-SANUR-ad77a05028977661","GI 150KV SANUR","UPT-BLI","MTU-ULTG-UPT-BLI-BALI-SELATAN","-8.674476","115.2537274","https://www.google.com/maps/search/?api=1&query=-8.674476,115.2537274","https://www.google.com/search?tbm=map&q=GI%20SANUR&hl=id&gl=id","verified_candidate_final"
"MTU-GI-UPT-BLI-GIS-150KV-BANDARA-NGURAHRAI-698a45f5362b598a","GIS 150KV BANDARA NGURAHRAI","UPT-BLI","MTU-ULTG-UPT-BLI-BALI-SELATAN","-8.7544252","115.1707288","https://www.google.com/maps/search/?api=1&query=-8.7544252,115.1707288","https://www.google.com/search?tbm=map&q=Gardu%20Induk%20BANDARA%20NGURAHRAI&hl=id&gl=id","verified_candidate"
"MTU-GI-UPT-BLI-GIS-150KV-CELUKAN-BAWANG-7d99c16ec4ff74f3","GIS 150KV CELUKAN BAWANG","UPT-BLI","MTU-ULTG-UPT-BLI-BALI-UTARA","","","","https://www.google.com/search?tbm=map&q=Gardu%20Induk%20CELUKAN%20BAWANG&hl=id&gl=id","unverified"
"MTU-GI-UPT-BLI-GIS-150KV-PECATU-629ddec2e1597fbc","GIS 150KV PECATU","UPT-BLI","MTU-ULTG-UPT-BLI-BALI-SELATAN","-8.8200221","115.141587","https://www.google.com/maps/search/?api=1&query=-8.8200221,115.141587","https://www.google.com/search?tbm=map&q=Gardu%20Induk%20PECATU&hl=id&gl=id","verified_candidate"
"MTU-GI-UPT-BLI-GIS-150KV-PESANGGARAN-97b6fd1c336eca8e","GIS 150KV PESANGGARAN","UPT-BLI","MTU-ULTG-UPT-BLI-BALI-SELATAN","-8.7182299","115.2106599","https://www.google.com/maps/search/?api=1&query=-8.7182299,115.2106599","https://www.google.com/search?tbm=map&q=Gardu%20Induk%20PESANGGARAN&hl=id&gl=id","verified_candidate"
"MTU-GI-UPT-BLI-GIS-150KV-TANAH-LOT-5a23d470b99d10c3","GIS 150KV TANAH LOT","UPT-BLI","MTU-ULTG-UPT-BLI-BALI-UTARA","-8.5869878","115.1026917","https://www.google.com/maps/search/?api=1&query=-8.5869878,115.1026917","https://www.google.com/search?tbm=map&q=Gardu%20Induk%20TANAH%20LOT&hl=id&gl=id","verified_candidate"
"MTU-GI-UPT-GRS-GI-150KV-ALTAPRIMA-c82e95980ceddb9c","GI 150KV ALTAPRIMA","UPT-GRS","MTU-ULTG-UPT-GRS-GRESIK","-7.1945148","112.6368425","https://www.google.com/maps/search/?api=1&query=-7.1945148,112.6368425","https://www.google.com/search?tbm=map&q=Gardu%20Induk%20ALTAPRIMA&hl=id&gl=id","verified_candidate"
"MTU-GI-UPT-GRS-GI-150KV-BANGKALAN","GI 150KV BANGKALAN","UPT-GRS","MTU-ULTG-UPT-GRS-SAMPANG","-7.0572488","112.7928372","https://www.google.com/maps/search/?api=1&query=-7.0572488,112.7928372","https://www.google.com/search?tbm=map&q=Gardu%20Induk%20BANGKALAN&hl=id&gl=id","verified_candidate"
"MTU-GI-UPT-GRS-GI-150KV-BUNGAH-2a1753ca747a4a19","GI 150KV BUNGAH","UPT-GRS","MTU-ULTG-UPT-GRS-GRESIK","-7.0928125","112.6001875","https://www.google.com/maps/search/?api=1&query=-7.0928125,112.6001875","https://www.google.com/search?tbm=map&q=Gardu%20Induk%20BUNGAH&hl=id&gl=id","verified_candidate"
"MTU-GI-UPT-GRS-GI-150KV-CERME","GI 150KV CERME","UPT-GRS","MTU-ULTG-UPT-GRS-GRESIK","-7.182737","112.5783574","https://www.google.com/maps/search/?api=1&query=-7.182737,112.5783574","https://www.google.com/search?tbm=map&q=Gardu%20Induk%20CERME&hl=id&gl=id","verified_candidate"
"MTU-GI-UPT-GRS-GI-150KV-GILITIMUR","GI 150KV GILITIMUR","UPT-GRS","MTU-ULTG-UPT-GRS-SAMPANG","-7.1481496","112.718996","https://www.google.com/maps/search/?api=1&query=-7.1481496,112.718996","https://www.google.com/search?tbm=map&q=Gardu%20Induk%20GILITIMUR&hl=id&gl=id","verified_candidate"
"MTU-GI-UPT-GRS-GI-150KV-GULUK-GULUK","GI 150KV GULUK GULUK","UPT-GRS","MTU-ULTG-UPT-GRS-SAMPANG","","","","https://www.google.com/search?tbm=map&q=Gardu%20Induk%20GULUK%20GULUK&hl=id&gl=id","manual_review"
"MTU-GI-UPT-GRS-GI-150KV-GULUK-GULUK-e667ca710e304e4c","GI 150KV GULUK-GULUK","UPT-GRS","MTU-ULTG-UPT-GRS-SAMPANG","","","","https://www.google.com/search?tbm=map&q=Gardu%20Induk%20GULUK-GULUK&hl=id&gl=id","manual_review"
"MTU-GI-UPT-GRS-GI-150KV-MANYAR","GI 150KV MANYAR","UPT-GRS","MTU-ULTG-UPT-GRS-GRESIK","-7.1283719","112.6130394","https://www.google.com/maps/search/?api=1&query=-7.1283719,112.6130394","https://www.google.com/search?tbm=map&q=Gardu%20Induk%20MANYAR&hl=id&gl=id","verified_candidate"
"MTU-GI-UPT-GRS-GI-150KV-PAMEKASAN-d0863a4a6e059387","GI 150KV PAMEKASAN","UPT-GRS","MTU-ULTG-UPT-GRS-SAMPANG","-7.1471602","113.45509","https://www.google.com/maps/search/?api=1&query=-7.1471602,113.45509","https://www.google.com/search?tbm=map&q=Gardu%20Induk%20PAMEKASAN&hl=id&gl=id","verified_candidate"
"MTU-GI-UPT-GRS-GI-150KV-PETROKIMIA","GI 150KV PETROKIMIA","UPT-GRS","MTU-ULTG-UPT-GRS-GRESIK","-7.1523405","112.6357876","https://www.google.com/maps/search/?api=1&query=-7.1523405,112.6357876","https://www.google.com/search?tbm=map&q=Gardu%20Induk%20PETROKIMIA&hl=id&gl=id","verified_candidate"
"MTU-GI-UPT-GRS-GI-150KV-PLTU-GRESIK","GI 150KV PLTU GRESIK","UPT-GRS","MTU-ULTG-UPT-GRS-GRESIK","-7.1682899","112.6613587","https://www.google.com/maps/search/?api=1&query=-7.1682899,112.6613587","https://www.google.com/search?tbm=map&q=GI%20PLTU%20GRESIK&hl=id&gl=id","verified_candidate_final"
"MTU-GI-UPT-GRS-GI-150KV-SAMBIKEREP-5e914dee41402ff4","GI 150KV SAMBIKEREP","UPT-GRS","MTU-ULTG-UPT-GRS-GRESIK","-7.2624486","112.6428288","https://www.google.com/maps/search/?api=1&query=-7.2624486,112.6428288","https://www.google.com/search?tbm=map&q=Gardu%20Induk%20SAMBIKEREP&hl=id&gl=id","verified_candidate"
"MTU-GI-UPT-GRS-GI-150KV-SAMPANG-567296a8598bf4bd","GI 150KV SAMPANG","UPT-GRS","MTU-ULTG-UPT-GRS-SAMPANG","-7.1800353","113.2380933","https://www.google.com/maps/search/?api=1&query=-7.1800353,113.2380933","https://www.google.com/search?tbm=map&q=Gardu%20Induk%20SAMPANG&hl=id&gl=id","verified_candidate"
"MTU-GI-UPT-GRS-GI-150KV-SEGOROMADU-ef349984c3c145b4","GI 150KV SEGOROMADU","UPT-GRS","MTU-ULTG-UPT-GRS-GRESIK","","","","https://www.google.com/search?tbm=map&q=Gardu%20Induk%20SEGOROMADU&hl=id&gl=id","manual_review"
"MTU-GI-UPT-GRS-GI-150KV-SUMENEP-4ed85b2f4ccae079","GI 150KV SUMENEP","UPT-GRS","MTU-ULTG-UPT-GRS-SAMPANG","-7.0092352","113.8355596","https://www.google.com/maps/search/?api=1&query=-7.0092352,113.8355596","https://www.google.com/search?tbm=map&q=Gardu%20Induk%20SUMENEP&hl=id&gl=id","verified_candidate"
"MTU-GI-UPT-GRS-GI-150KV-WILMAR-21e8b2bad98d82ef","GI 150KV WILMAR","UPT-GRS","MTU-ULTG-UPT-GRS-GRESIK","-7.1745596","112.6664598","https://www.google.com/maps/search/?api=1&query=-7.1745596,112.6664598","https://www.google.com/search?tbm=map&q=Gardu%20Induk%20WILMAR&hl=id&gl=id","verified_candidate"
"MTU-GI-UPT-GRS-GI-70KV-BARATA-b7a6cc1310843034","GI 70KV BARATA","UPT-GRS","MTU-ULTG-UPT-GRS-GRESIK","","","","https://www.google.com/search?tbm=map&q=Gardu%20Induk%20BARATA&hl=id&gl=id","unverified"
"MTU-GI-UPT-GRS-GI-70KV-MANYAR-4d8af2db31429d66","GI 70KV MANYAR","UPT-GRS","MTU-ULTG-UPT-GRS-GRESIK","-7.1283719","112.6130394","https://www.google.com/maps/search/?api=1&query=-7.1283719,112.6130394","https://www.google.com/search?tbm=map&q=Gardu%20Induk%20MANYAR&hl=id&gl=id","verified_candidate"
"MTU-GI-UPT-GRS-GI-70KV-MASPIONSBM-6e6b4f3e7e608ac4","GI 70KV MASPIONSBM","UPT-GRS","MTU-ULTG-UPT-GRS-GRESIK","","","","https://www.google.com/search?tbm=map&q=Gardu%20Induk%20MASPIONSBM&hl=id&gl=id","unverified"
"MTU-GI-UPT-GRS-GI-70KV-SEGOROMADU","GI 70KV SEGOROMADU","UPT-GRS","MTU-ULTG-UPT-GRS-GRESIK","","","","https://www.google.com/search?tbm=map&q=Gardu%20Induk%20SEGOROMADU&hl=id&gl=id","manual_review"
"MTU-GI-UPT-GRS-GI-70KV-SEMENGRESIK-12c165ccfb10ded2","GI 70KV SEMENGRESIK","UPT-GRS","MTU-ULTG-UPT-GRS-GRESIK","-7.1733058","112.647779","https://www.google.com/maps/search/?api=1&query=-7.1733058,112.647779","https://www.google.com/search?tbm=map&q=Gardu%20Induk%20SEMENGRESIK&hl=id&gl=id","verified_candidate"
"MTU-GI-UPT-GRS-GIS-150KV-GRESIK-cef86f1f6e699c73","GIS 150KV GRESIK","UPT-GRS","MTU-ULTG-UPT-GRS-GRESIK","","","","https://www.google.com/search?tbm=map&q=Gardu%20Induk%20GRESIK&hl=id&gl=id","unverified"
"MTU-GI-UPT-GRS-GIS-150KV-TANDES-bc49cb78bb7585e8","GIS 150KV TANDES","UPT-GRS","MTU-ULTG-UPT-GRS-GRESIK","-7.2567284","112.6850053","https://www.google.com/maps/search/?api=1&query=-7.2567284,112.6850053","https://www.google.com/search?tbm=map&q=Gardu%20Induk%20TANDES&hl=id&gl=id","verified_candidate"
"MTU-GI-UPT-GRS-GISTET-500KV-GRESIK-244d032dca4d67ea","GISTET 500KV GRESIK","UPT-GRS","MTU-ULTG-UPT-GRS-GRESIK","","","","https://www.google.com/search?tbm=map&q=Gardu%20Induk%20GRESIK&hl=id&gl=id","unverified"
"MTU-GI-UPT-MDN-GI-150KV-BABAT","GI 150KV BABAT","UPT-MDN","MTU-ULTG-UPT-MDN-BABAT","-7.1237358","112.1465666","https://www.google.com/maps/search/?api=1&query=-7.1237358,112.1465666","https://www.google.com/search?tbm=map&q=Gardu%20Induk%20BABAT&hl=id&gl=id","verified_candidate"
"MTU-GI-UPT-MDN-GI-150KV-BANARAN-f8385c5552475aca","GI 150KV BANARAN","UPT-MDN","MTU-ULTG-UPT-MDN-KEDIRI","","","","https://www.google.com/search?tbm=map&q=PLN%20GI%20BANARAN&hl=id&gl=id","manual_review_duplicate_voltage"
"MTU-GI-UPT-MDN-GI-150KV-BOJONEGORO-f6abd84f112ba707","GI 150KV BOJONEGORO","UPT-MDN","MTU-ULTG-UPT-MDN-BABAT","-7.1760831","111.8671482","https://www.google.com/maps/search/?api=1&query=-7.1760831,111.8671482","https://www.google.com/search?tbm=map&q=PLN%20GI%20BOJONEGORO&hl=id&gl=id","verified_candidate_second_pass"
"MTU-GI-UPT-MDN-GI-150KV-JATIGEDONG-30f1115f86bd204c","GI 150KV JATIGEDONG","UPT-MDN","MTU-ULTG-UPT-MDN-BABAT","-7.437281","112.2498917","https://www.google.com/maps/search/?api=1&query=-7.437281,112.2498917","https://www.google.com/search?tbm=map&q=Gardu%20Induk%20JATIGEDONG&hl=id&gl=id","verified_candidate"
"MTU-GI-UPT-MDN-GI-150KV-JAYAKERTAS-f94f3f0c9c98a7e6","GI 150KV JAYAKERTAS","UPT-MDN","MTU-ULTG-UPT-MDN-KEDIRI","-7.6111172","112.0895214","https://www.google.com/maps/search/?api=1&query=-7.6111172,112.0895214","https://www.google.com/search?tbm=map&q=Gardu%20Induk%20JAYAKERTAS&hl=id&gl=id","verified_candidate"
"MTU-GI-UPT-MDN-GI-150KV-JOMBANG-c6e5785371249833","GI 150KV JOMBANG","UPT-MDN","MTU-ULTG-UPT-MDN-KEDIRI","-7.5392422","112.2084999","https://www.google.com/maps/search/?api=1&query=-7.5392422,112.2084999","https://www.google.com/search?tbm=map&q=Gardu%20Induk%20JOMBANG&hl=id&gl=id","verified_candidate"
"MTU-GI-UPT-MDN-GI-150KV-KEDIRI","GI 150KV KEDIRI","UPT-MDN","MTU-ULTG-UPT-MDN-KEDIRI","","","","https://www.google.com/search?tbm=map&q=Gardu%20Induk%20KEDIRI&hl=id&gl=id","unverified"
"MTU-GI-UPT-MDN-GI-150KV-KEREK","GI 150KV KEREK","UPT-MDN","MTU-ULTG-UPT-MDN-BABAT","-6.8655631","111.9156187","https://www.google.com/maps/search/?api=1&query=-6.8655631,111.9156187","https://www.google.com/search?tbm=map&q=Gardu%20Induk%20KEREK&hl=id&gl=id","verified_candidate"
"MTU-GI-UPT-MDN-GI-150KV-KERTOSONO-dc2393c713eab9d1","GI 150KV KERTOSONO","UPT-MDN","MTU-ULTG-UPT-MDN-KEDIRI","-7.6148929","112.0982897","https://www.google.com/maps/search/?api=1&query=-7.6148929,112.0982897","https://www.google.com/search?tbm=map&q=Gardu%20Induk%20KERTOSONO&hl=id&gl=id","verified_candidate"
"MTU-GI-UPT-MDN-GI-150KV-LAMONGAN-a3b8b065cb1c0940","GI 150KV LAMONGAN","UPT-MDN","MTU-ULTG-UPT-MDN-BABAT","-7.1419928","112.4128547","https://www.google.com/maps/search/?api=1&query=-7.1419928,112.4128547","https://www.google.com/search?tbm=map&q=Gardu%20Induk%20LAMONGAN&hl=id&gl=id","verified_candidate"
"MTU-GI-UPT-MDN-GI-150KV-MANISREJO","GI 150KV MANISREJO","UPT-MDN","MTU-ULTG-UPT-MDN-MADIUN","-7.6403582","111.5478083","https://www.google.com/maps/search/?api=1&query=-7.6403582,111.5478083","https://www.google.com/search?tbm=map&q=Gardu%20Induk%20MANISREJO&hl=id&gl=id","verified_candidate"
"MTU-GI-UPT-MDN-GI-150KV-MLIWANG-1f491ee5ea63067d","GI 150KV MLIWANG","UPT-MDN","MTU-ULTG-UPT-MDN-BABAT","-6.8191615","111.8915707","https://www.google.com/maps/search/?api=1&query=-6.8191615,111.8915707","https://www.google.com/search?tbm=map&q=Gardu%20Induk%20MLIWANG&hl=id&gl=id","verified_candidate"
"MTU-GI-UPT-MDN-GI-150KV-NEWPACITAN-88f1d4b208729db7","GI 150KV NEWPACITAN","UPT-MDN","MTU-ULTG-UPT-MDN-MADIUN","-8.1833567","111.1132916","https://www.google.com/maps/search/?api=1&query=-8.1833567,111.1132916","https://www.google.com/search?tbm=map&q=GI%20NEWPACITAN&hl=id&gl=id","verified_candidate_final"
"MTU-GI-UPT-MDN-GI-150KV-NEWPONOROGO-10277bd25a02c7c9","GI 150KV NEWPONOROGO","UPT-MDN","MTU-ULTG-UPT-MDN-MADIUN","","","","https://www.google.com/search?tbm=map&q=Gardu%20Induk%20NEWPONOROGO&hl=id&gl=id","unverified"
"MTU-GI-UPT-MDN-GI-150KV-NEWTULUNGAGUNG-fa4ed2495a6e2db5","GI 150KV NEWTULUNGAGUNG","UPT-MDN","MTU-ULTG-UPT-MDN-KEDIRI","","","","https://www.google.com/search?tbm=map&q=Gardu%20Induk%20NEWTULUNGAGUNG&hl=id&gl=id","unverified"
"MTU-GI-UPT-MDN-GI-150KV-NGANJUK-II-7a4a9613f006aa6e","GI 150KV NGANJUK II","UPT-MDN","MTU-ULTG-UPT-MDN-MADIUN","-7.6418227","111.8702736","https://www.google.com/maps/search/?api=1&query=-7.6418227,111.8702736","https://www.google.com/search?tbm=map&q=GI%20NGANJUK%20II&hl=id&gl=id","verified_candidate_final"
"MTU-GI-UPT-MDN-GI-150KV-NGAWI","GI 150KV NGAWI","UPT-MDN","MTU-ULTG-UPT-MDN-MADIUN","-7.4071146","111.4569174","https://www.google.com/maps/search/?api=1&query=-7.4071146,111.4569174","https://www.google.com/search?tbm=map&q=Gardu%20Induk%20NGAWI&hl=id&gl=id","verified_candidate"
"MTU-GI-UPT-MDN-GI-150KV-NGIMBANG","GI 150KV NGIMBANG","UPT-MDN","MTU-ULTG-UPT-MDN-BABAT","-7.2867854","112.189246","https://www.google.com/maps/search/?api=1&query=-7.2867854,112.189246","https://www.google.com/search?tbm=map&q=Gardu%20Induk%20NGIMBANG&hl=id&gl=id","verified_candidate"
"MTU-GI-UPT-MDN-GI-150KV-PACIRAN-530b7eff2f3e07db","GI 150KV PACIRAN","UPT-MDN","MTU-ULTG-UPT-MDN-BABAT","-6.8907781","112.4342531","https://www.google.com/maps/search/?api=1&query=-6.8907781,112.4342531","https://www.google.com/search?tbm=map&q=GI%20PACIRAN&hl=id&gl=id","verified_candidate_final"
"MTU-GI-UPT-MDN-GI-150KV-SEMENTUBAN-3-ca8dcfcca3f6e938","GI 150KV SEMENTUBAN 3","UPT-MDN","MTU-ULTG-UPT-MDN-BABAT","-6.8617594","111.9077921","https://www.google.com/maps/search/?api=1&query=-6.8617594,111.9077921","https://www.google.com/search?tbm=map&q=Gardu%20Induk%20SEMENTUBAN%203&hl=id&gl=id","verified_candidate"
"MTU-GI-UPT-MDN-GI-150KV-SURYAZIGZAG","GI 150KV SURYAZIGZAG","UPT-MDN","MTU-ULTG-UPT-MDN-KEDIRI","","","","https://www.google.com/search?tbm=map&q=Gardu%20Induk%20SURYAZIGZAG&hl=id&gl=id","unverified"
"MTU-GI-UPT-MDN-GI-150KV-TANJUNG-AWAR-AWAR-3a041f23e60f359c","GI 150KV TANJUNG AWAR AWAR","UPT-MDN","MTU-ULTG-UPT-MDN-BABAT","","","","https://www.google.com/search?tbm=map&q=Gardu%20Induk%20TANJUNG%20AWAR%20AWAR&hl=id&gl=id","unverified"
"MTU-GI-UPT-MDN-GI-150KV-TUBAN","GI 150KV TUBAN","UPT-MDN","MTU-ULTG-UPT-MDN-BABAT","-6.8889544","112.0346865","https://www.google.com/maps/search/?api=1&query=-6.8889544,112.0346865","https://www.google.com/search?tbm=map&q=Gardu%20Induk%20TUBAN&hl=id&gl=id","verified_candidate"
"MTU-GI-UPT-MDN-GI-30KV-DOLOPO-7275c9c1a2e6e566","GI 30KV DOLOPO","UPT-MDN","MTU-ULTG-UPT-MDN-MADIUN","-7.747163","111.528364","https://www.google.com/maps/search/?api=1&query=-7.747163,111.528364","https://www.google.com/search?tbm=map&q=GI%20DOLOPO&hl=id&gl=id","verified_candidate_final"
"MTU-GI-UPT-MDN-GI-30KV-GIRINGAN-68577853a06f25b1","GI 30KV GIRINGAN","UPT-MDN","MTU-ULTG-UPT-MDN-MADIUN","","","","https://www.google.com/search?tbm=map&q=Gardu%20Induk%20GIRINGAN&hl=id&gl=id","unverified"
"MTU-GI-UPT-MDN-GI-30KV-GOLANG-2ecad890eef979aa","GI 30KV GOLANG","UPT-MDN","MTU-ULTG-UPT-MDN-MADIUN","-7.1962624","111.5165819","https://www.google.com/maps/search/?api=1&query=-7.1962624,111.5165819","https://www.google.com/search?tbm=map&q=GI%20GOLANG&hl=id&gl=id","verified_candidate_final"
"MTU-GI-UPT-MDN-GI-30KV-NGEBEL-0c5a6f22605afa40","GI 30KV NGEBEL","UPT-MDN","MTU-ULTG-UPT-MDN-MADIUN","","","","https://www.google.com/search?tbm=map&q=Gardu%20Induk%20NGEBEL&hl=id&gl=id","unverified"
"MTU-GI-UPT-MDN-GI-30KV-TULUNGAGUNG-903d8d0c76afa936","GI 30KV TULUNGAGUNG","UPT-MDN","MTU-ULTG-UPT-MDN-KEDIRI","","","","https://www.google.com/search?tbm=map&q=Gardu%20Induk%20TULUNGAGUNG&hl=id&gl=id","unverified"
"MTU-GI-UPT-MDN-GI-70KV-BANARAN","GI 70KV BANARAN","UPT-MDN","MTU-ULTG-UPT-MDN-KEDIRI","","","","https://www.google.com/search?tbm=map&q=PLN%20GI%20BANARAN&hl=id&gl=id","manual_review_duplicate_voltage"
"MTU-GI-UPT-MDN-GI-70KV-BLITAR-BARU","GI 70KV BLITAR BARU","UPT-MDN","MTU-ULTG-UPT-MDN-KEDIRI","","","","https://www.google.com/search?tbm=map&q=Gardu%20Induk%20BLITAR%20BARU&hl=id&gl=id","unverified"
"MTU-GI-UPT-MDN-GI-70KV-CARUBAN-bafc995256555b9c","GI 70KV CARUBAN","UPT-MDN","MTU-ULTG-UPT-MDN-MADIUN","","","","https://www.google.com/search?tbm=map&q=Gardu%20Induk%20CARUBAN&hl=id&gl=id","unverified"
"MTU-GI-UPT-MDN-GI-70KV-DOLOPO","GI 70KV DOLOPO","UPT-MDN","MTU-ULTG-UPT-MDN-MADIUN","-7.747163","111.528364","https://www.google.com/maps/search/?api=1&query=-7.747163,111.528364","https://www.google.com/search?tbm=map&q=GI%20DOLOPO&hl=id&gl=id","verified_candidate_final"
"MTU-GI-UPT-MDN-GI-70KV-GUDANGGARAM-6409d92e40cd308b","GI 70KV GUDANGGARAM","UPT-MDN","MTU-ULTG-UPT-MDN-KEDIRI","","","","https://www.google.com/search?tbm=map&q=Gardu%20Induk%20GUDANGGARAM&hl=id&gl=id","unverified"
"MTU-GI-UPT-MDN-GI-70KV-KERTOSONO","GI 70KV KERTOSONO","UPT-MDN","MTU-ULTG-UPT-MDN-KEDIRI","-7.6148929","112.0982897","https://www.google.com/maps/search/?api=1&query=-7.6148929,112.0982897","https://www.google.com/search?tbm=map&q=Gardu%20Induk%20KERTOSONO&hl=id&gl=id","verified_candidate"
"MTU-GI-UPT-MDN-GI-70KV-MAGETAN-bb4a4e9e5afbf0a5","GI 70KV MAGETAN","UPT-MDN","MTU-ULTG-UPT-MDN-MADIUN","-7.6443046","111.3296958","https://www.google.com/maps/search/?api=1&query=-7.6443046,111.3296958","https://www.google.com/search?tbm=map&q=Gardu%20Induk%20MAGETAN&hl=id&gl=id","verified_candidate"
"MTU-GI-UPT-MDN-GI-70KV-MANISREJO","GI 70KV MANISREJO","UPT-MDN","MTU-ULTG-UPT-MDN-MADIUN","-7.6403582","111.5478083","https://www.google.com/maps/search/?api=1&query=-7.6403582,111.5478083","https://www.google.com/search?tbm=map&q=Gardu%20Induk%20MANISREJO&hl=id&gl=id","verified_candidate"
"MTU-GI-UPT-MDN-GI-70KV-MRANGGEN","GI 70KV MRANGGEN","UPT-MDN","MTU-ULTG-UPT-MDN-MADIUN","-7.0366546","110.5136824","https://www.google.com/maps/search/?api=1&query=-7.0366546,110.5136824","https://www.google.com/search?tbm=map&q=PLN%20GI%20MRANGGEN&hl=id&gl=id","verified_candidate_second_pass"
"MTU-GI-UPT-MDN-GI-70KV-NGANJUK-031cb0682b3edbb7","GI 70KV NGANJUK","UPT-MDN","MTU-ULTG-UPT-MDN-MADIUN","-7.6110045","111.912961","https://www.google.com/maps/search/?api=1&query=-7.6110045,111.912961","https://www.google.com/search?tbm=map&q=Gardu%20Induk%20NGANJUK&hl=id&gl=id","verified_candidate"
"MTU-GI-UPT-MDN-GI-70KV-PACITAN-052586919e420f0a","GI 70KV PACITAN","UPT-MDN","MTU-ULTG-UPT-MDN-MADIUN","-8.1833567","111.1132916","https://www.google.com/maps/search/?api=1&query=-8.1833567,111.1132916","https://www.google.com/search?tbm=map&q=GI%20PACITAN&hl=id&gl=id","verified_candidate_final"
"MTU-GI-UPT-MDN-GI-70KV-PARE","GI 70KV PARE","UPT-MDN","MTU-ULTG-UPT-MDN-KEDIRI","-7.854933","112.169857","https://www.google.com/maps/search/?api=1&query=-7.854933,112.169857","https://www.google.com/search?tbm=map&q=Gardu%20Induk%20PARE&hl=id&gl=id","verified_candidate"
"MTU-GI-UPT-MDN-GI-70KV-PLTA-TULUNGAGUNG-0652fdd655039227","GI 70KV PLTA TULUNGAGUNG","UPT-MDN","MTU-ULTG-UPT-MDN-KEDIRI","","","","https://www.google.com/search?tbm=map&q=Gardu%20Induk%20PLTA%20TULUNGAGUNG&hl=id&gl=id","unverified"
"MTU-GI-UPT-MDN-GI-70KV-PONOROGO","GI 70KV PONOROGO","UPT-MDN","MTU-ULTG-UPT-MDN-MADIUN","-7.8699633","111.4929064","https://www.google.com/maps/search/?api=1&query=-7.8699633,111.4929064","https://www.google.com/search?tbm=map&q=PLN%20GI%20PONOROGO&hl=id&gl=id","verified_candidate_second_pass"
"MTU-GI-UPT-MDN-GI-70KV-TRENGGALEK","GI 70KV TRENGGALEK","UPT-MDN","MTU-ULTG-UPT-MDN-KEDIRI","","","","https://www.google.com/search?tbm=map&q=Gardu%20Induk%20TRENGGALEK&hl=id&gl=id","unverified"
"MTU-GI-UPT-MDN-GI-70KV-TULUNGAGUNG","GI 70KV TULUNGAGUNG","UPT-MDN","MTU-ULTG-UPT-MDN-KEDIRI","","","","https://www.google.com/search?tbm=map&q=Gardu%20Induk%20TULUNGAGUNG&hl=id&gl=id","unverified"
"MTU-GI-UPT-MDN-GIS-150KV-PLTU-PACITAN-0945ac726526a4ca","GIS 150KV PLTU PACITAN","UPT-MDN","MTU-ULTG-UPT-MDN-MADIUN","","","","https://www.google.com/search?tbm=map&q=Gardu%20Induk%20PLTU%20PACITAN&hl=id&gl=id","unverified"
"MTU-GI-UPT-MDN-GITET-500KV-KEDIRI-8711ffde67369ba8","GITET 500KV KEDIRI","UPT-MDN","MTU-ULTG-UPT-MDN-KEDIRI","-7.839966","112.036191","https://www.google.com/maps/search/?api=1&query=-7.839966,112.036191","https://www.google.com/search?tbm=map&q=Gardu%20Induk%20GITET%20500KV%20KEDIRI&hl=id&gl=id","verified_candidate"
"MTU-GI-UPT-MDN-GITET-500KV-NGIMBANG-26476352f9d00a03","GITET 500KV NGIMBANG","UPT-MDN","MTU-ULTG-UPT-MDN-BABAT","-7.2867062","112.1890314","https://www.google.com/maps/search/?api=1&query=-7.2867062,112.1890314","https://www.google.com/search?tbm=map&q=GI%20GITET%20500KV%20NGIMBANG&hl=id&gl=id","verified_candidate_final"
"MTU-GI-UPT-MLG-GI-150KV-BALONGBENDO-2a074d863d0c29fc","GI 150KV BALONGBENDO","UPT-MLG","MTU-ULTG-UPT-MLG-MOJOKERTO","-7.4132039","112.5584333","https://www.google.com/maps/search/?api=1&query=-7.4132039,112.5584333","https://www.google.com/search?tbm=map&q=Gardu%20Induk%20BALONGBENDO&hl=id&gl=id","verified_candidate"
"MTU-GI-UPT-MLG-GI-150KV-BAMBE-1eb9390e7c3e7a3a","GI 150KV BAMBE","UPT-MLG","MTU-ULTG-UPT-MLG-KRIAN","-7.3426355","112.6645574","https://www.google.com/maps/search/?api=1&query=-7.3426355,112.6645574","https://www.google.com/search?tbm=map&q=Gardu%20Induk%20BAMBE&hl=id&gl=id","verified_candidate"
"MTU-GI-UPT-MLG-GI-150KV-KASIHJATIM","GI 150KV KASIHJATIM","UPT-MLG","MTU-ULTG-UPT-MLG-KRIAN","-7.348045","112.566807","https://www.google.com/maps/search/?api=1&query=-7.348045,112.566807","https://www.google.com/search?tbm=map&q=Gardu%20Induk%20KASIHJATIM&hl=id&gl=id","verified_candidate"
"MTU-GI-UPT-MLG-GI-150KV-KEBONAGUNG","GI 150KV KEBONAGUNG","UPT-MLG","MTU-ULTG-UPT-MLG-MALANG","-8.0225273","112.6176798","https://www.google.com/maps/search/?api=1&query=-8.0225273,112.6176798","https://www.google.com/search?tbm=map&q=Gardu%20Induk%20KEBONAGUNG&hl=id&gl=id","verified_candidate"
"MTU-GI-UPT-MLG-GI-150KV-LAWANG","GI 150KV LAWANG","UPT-MLG","MTU-ULTG-UPT-MLG-MALANG","-7.8490722","112.6906985","https://www.google.com/maps/search/?api=1&query=-7.8490722,112.6906985","https://www.google.com/search?tbm=map&q=Gardu%20Induk%20LAWANG&hl=id&gl=id","verified_candidate"
"MTU-GI-UPT-MLG-GI-150KV-MOJOAGUNG-7536f87791fb9d7f","GI 150KV MOJOAGUNG","UPT-MLG","MTU-ULTG-UPT-MLG-MOJOKERTO","-7.5908345","112.3441972","https://www.google.com/maps/search/?api=1&query=-7.5908345,112.3441972","https://www.google.com/search?tbm=map&q=Gardu%20Induk%20MOJOAGUNG&hl=id&gl=id","verified_candidate"
"MTU-GI-UPT-MLG-GI-150KV-NEWWLINGI-d2c8f9a14f020aea","GI 150KV NEWWLINGI","UPT-MLG","MTU-ULTG-UPT-MLG-MALANG","","","","https://www.google.com/search?tbm=map&q=Gardu%20Induk%20NEWWLINGI&hl=id&gl=id","unverified"
"MTU-GI-UPT-MLG-GI-150KV-NGORO-9508dba3ae79d1d7","GI 150KV NGORO","UPT-MLG","MTU-ULTG-UPT-MLG-MOJOKERTO","-7.557109","112.6127666","https://www.google.com/maps/search/?api=1&query=-7.557109,112.6127666","https://www.google.com/search?tbm=map&q=Gardu%20Induk%20NGORO&hl=id&gl=id","verified_candidate"
"MTU-GI-UPT-MLG-GI-150KV-PAKIS","GI 150KV PAKIS","UPT-MLG","MTU-ULTG-UPT-MLG-MALANG","-7.967153","112.6805781","https://www.google.com/maps/search/?api=1&query=-7.967153,112.6805781","https://www.google.com/search?tbm=map&q=Gardu%20Induk%20PAKIS&hl=id&gl=id","verified_candidate"
"MTU-GI-UPT-MLG-GI-150KV-SEKARPUTIH","GI 150KV SEKARPUTIH","UPT-MLG","MTU-ULTG-UPT-MLG-MOJOKERTO","-7.4693143","112.4607408","https://www.google.com/maps/search/?api=1&query=-7.4693143,112.4607408","https://www.google.com/search?tbm=map&q=GI%20SEKARPUTIH&hl=id&gl=id","verified_candidate_final"
"MTU-GI-UPT-MLG-GI-150KV-SENGKALING","GI 150KV SENGKALING","UPT-MLG","MTU-ULTG-UPT-MLG-MALANG","","","","https://www.google.com/search?tbm=map&q=Gardu%20Induk%20SENGKALING&hl=id&gl=id","unverified"
"MTU-GI-UPT-MLG-GI-150KV-SURABAYA-BARAT","GI 150KV SURABAYA BARAT","UPT-MLG","MTU-ULTG-UPT-MLG-KRIAN","","","","https://www.google.com/search?tbm=map&q=Gardu%20Induk%20SURABAYA%20BARAT&hl=id&gl=id","unverified"
"MTU-GI-UPT-MLG-GI-150KV-SUTAMI","GI 150KV SUTAMI","UPT-MLG","MTU-ULTG-UPT-MLG-MALANG","","","","https://www.google.com/search?tbm=map&q=Gardu%20Induk%20SUTAMI&hl=id&gl=id","unverified"
"MTU-GI-UPT-MLG-GI-150KV-WLINGI-01508f3af230b558","GI 150KV WLINGI","UPT-MLG","MTU-ULTG-UPT-MLG-MALANG","-8.1428602","112.2466959","https://www.google.com/maps/search/?api=1&query=-8.1428602,112.2466959","https://www.google.com/search?tbm=map&q=GI%20WLINGI&hl=id&gl=id","verified_candidate_final"
"MTU-GI-UPT-MLG-GI-70KV-AJINOMOTO","GI 70KV AJINOMOTO","UPT-MLG","MTU-ULTG-UPT-MLG-MOJOKERTO","","","","https://www.google.com/search?tbm=map&q=Gardu%20Induk%20AJINOMOTO&hl=id&gl=id","unverified"
"MTU-GI-UPT-MLG-GI-70KV-BANGUN-1a52bc2115774b98","GI 70KV BANGUN","UPT-MLG","MTU-ULTG-UPT-MLG-MOJOKERTO","","","","https://www.google.com/search?tbm=map&q=Gardu%20Induk%20BANGUN&hl=id&gl=id","unverified"
"MTU-GI-UPT-MLG-GI-70KV-BLIMBING","GI 70KV BLIMBING","UPT-MLG","MTU-ULTG-UPT-MLG-MALANG","-7.9396637","112.6430471","https://www.google.com/maps/search/?api=1&query=-7.9396637,112.6430471","https://www.google.com/search?tbm=map&q=Gardu%20Induk%20BLIMBING&hl=id&gl=id","verified_candidate"
"MTU-GI-UPT-MLG-GI-70KV-DRIYOREJO-d37ab07491e33625","GI 70KV DRIYOREJO","UPT-MLG","MTU-ULTG-UPT-MLG-KRIAN","-7.3690882","112.6000636","https://www.google.com/maps/search/?api=1&query=-7.3690882,112.6000636","https://www.google.com/search?tbm=map&q=Gardu%20Induk%20DRIYOREJO&hl=id&gl=id","verified_candidate"
"MTU-GI-UPT-MLG-GI-70KV-GAMPINGAN","GI 70KV GAMPINGAN","UPT-MLG","MTU-ULTG-UPT-MLG-MALANG","-8.1937349","112.5563381","https://www.google.com/maps/search/?api=1&query=-8.1937349,112.5563381","https://www.google.com/search?tbm=map&q=Gardu%20Induk%20GAMPINGAN&hl=id&gl=id","verified_candidate"
"MTU-GI-UPT-MLG-GI-70KV-KARANGKATES","GI 70KV KARANGKATES","UPT-MLG","MTU-ULTG-UPT-MLG-MALANG","-8.160503","112.4426185","https://www.google.com/maps/search/?api=1&query=-8.160503,112.4426185","https://www.google.com/search?tbm=map&q=Gardu%20Induk%20KARANGKATES&hl=id&gl=id","verified_candidate"
"MTU-GI-UPT-MLG-GI-70KV-KEBONAGUNG-2a609f7c6b74eb72","GI 70KV KEBONAGUNG","UPT-MLG","MTU-ULTG-UPT-MLG-MALANG","-8.0225273","112.6176798","https://www.google.com/maps/search/?api=1&query=-8.0225273,112.6176798","https://www.google.com/search?tbm=map&q=Gardu%20Induk%20KEBONAGUNG&hl=id&gl=id","verified_candidate"
"MTU-GI-UPT-MLG-GI-70KV-MENDALAN","GI 70KV MENDALAN","UPT-MLG","MTU-ULTG-UPT-MLG-MOJOKERTO","","","","https://www.google.com/search?tbm=map&q=Gardu%20Induk%20MENDALAN&hl=id&gl=id","unverified"
"MTU-GI-UPT-MLG-GI-70KV-MIWON-ea8958b3bc950426","GI 70KV MIWON","UPT-MLG","MTU-ULTG-UPT-MLG-KRIAN","-7.3667728","112.6092963","https://www.google.com/maps/search/?api=1&query=-7.3667728,112.6092963","https://www.google.com/search?tbm=map&q=Gardu%20Induk%20MIWON&hl=id&gl=id","verified_candidate"
"MTU-GI-UPT-MLG-GI-70KV-PLOSO","GI 70KV PLOSO","UPT-MLG","MTU-ULTG-UPT-MLG-MOJOKERTO","","","","https://www.google.com/search?tbm=map&q=Gardu%20Induk%20PLOSO&hl=id&gl=id","unverified"
"MTU-GI-UPT-MLG-GI-70KV-POLEHAN","GI 70KV POLEHAN","UPT-MLG","MTU-ULTG-UPT-MLG-MALANG","-7.984874","112.6428518","https://www.google.com/maps/search/?api=1&query=-7.984874,112.6428518","https://www.google.com/search?tbm=map&q=Gardu%20Induk%20POLEHAN&hl=id&gl=id","verified_candidate"
"MTU-GI-UPT-MLG-GI-70KV-SEKARPUTIH","GI 70KV SEKARPUTIH","UPT-MLG","MTU-ULTG-UPT-MLG-MOJOKERTO","-7.4693143","112.4607408","https://www.google.com/maps/search/?api=1&query=-7.4693143,112.4607408","https://www.google.com/search?tbm=map&q=GI%20SEKARPUTIH&hl=id&gl=id","verified_candidate_final"
"MTU-GI-UPT-MLG-GI-70KV-SELOREJO-7d2bfd622989fb4d","GI 70KV SELOREJO","UPT-MLG","MTU-ULTG-UPT-MLG-MALANG","","","","https://www.google.com/search?tbm=map&q=Gardu%20Induk%20SELOREJO&hl=id&gl=id","unverified"
"MTU-GI-UPT-MLG-GI-70KV-SENGGURUH","GI 70KV SENGGURUH","UPT-MLG","MTU-ULTG-UPT-MLG-MALANG","-8.1847238","112.5496402","https://www.google.com/maps/search/?api=1&query=-8.1847238,112.5496402","https://www.google.com/search?tbm=map&q=GI%20SENGGURUH&hl=id&gl=id","verified_candidate_final"
"MTU-GI-UPT-MLG-GI-70KV-SENGKALING-b1f2eaf4795c7778","GI 70KV SENGKALING","UPT-MLG","MTU-ULTG-UPT-MLG-MALANG","","","","https://www.google.com/search?tbm=map&q=Gardu%20Induk%20SENGKALING&hl=id&gl=id","unverified"
"MTU-GI-UPT-MLG-GI-70KV-SIMAN","GI 70KV SIMAN","UPT-MLG","MTU-ULTG-UPT-MLG-MOJOKERTO","-7.8289329","112.3081342","https://www.google.com/maps/search/?api=1&query=-7.8289329,112.3081342","https://www.google.com/search?tbm=map&q=Gardu%20Induk%20SIMAN&hl=id&gl=id","verified_candidate"
"MTU-GI-UPT-MLG-GI-70KV-TARIK","GI 70KV TARIK","UPT-MLG","MTU-ULTG-UPT-MLG-MOJOKERTO","-7.4598711","112.497203","https://www.google.com/maps/search/?api=1&query=-7.4598711,112.497203","https://www.google.com/search?tbm=map&q=Gardu%20Induk%20TARIK&hl=id&gl=id","verified_candidate"
"MTU-GI-UPT-MLG-GI-70KV-TJIWIKIMIA-bfe6f7f18ae6441f","GI 70KV TJIWIKIMIA","UPT-MLG","MTU-ULTG-UPT-MLG-MOJOKERTO","-7.4387974","112.4723323","https://www.google.com/maps/search/?api=1&query=-7.4387974,112.4723323","https://www.google.com/search?tbm=map&q=Gardu%20Induk%20TJIWIKIMIA&hl=id&gl=id","verified_candidate"
"MTU-GI-UPT-MLG-GI-70KV-TUREN","GI 70KV TUREN","UPT-MLG","MTU-ULTG-UPT-MLG-MALANG","-8.1722587","112.6871444","https://www.google.com/maps/search/?api=1&query=-8.1722587,112.6871444","https://www.google.com/search?tbm=map&q=Gardu%20Induk%20TUREN&hl=id&gl=id","verified_candidate"
"MTU-GI-UPT-MLG-GI-70KV-WLINGI-26a7da0a593ba125","GI 70KV WLINGI","UPT-MLG","MTU-ULTG-UPT-MLG-MALANG","-8.1428602","112.2466959","https://www.google.com/maps/search/?api=1&query=-8.1428602,112.2466959","https://www.google.com/search?tbm=map&q=GI%20WLINGI&hl=id&gl=id","verified_candidate_final"
"MTU-GI-UPT-MLG-GIS-150KV-DRIYOREJO","GIS 150KV DRIYOREJO","UPT-MLG","MTU-ULTG-UPT-MLG-KRIAN","-7.3690882","112.6000636","https://www.google.com/maps/search/?api=1&query=-7.3690882,112.6000636","https://www.google.com/search?tbm=map&q=Gardu%20Induk%20DRIYOREJO&hl=id&gl=id","verified_candidate"
"MTU-GI-UPT-MLG-GIS-150KV-KARANGPILANG","GIS 150KV KARANGPILANG","UPT-MLG","MTU-ULTG-UPT-MLG-KRIAN","-7.3265266","112.6504987","https://www.google.com/maps/search/?api=1&query=-7.3265266,112.6504987","https://www.google.com/search?tbm=map&q=Gardu%20Induk%20KARANGPILANG&hl=id&gl=id","verified_candidate"
"MTU-GI-UPT-MLG-GITET-500KV-KRIAN","GITET 500KV KRIAN","UPT-MLG","MTU-ULTG-UPT-MLG-KRIAN","-7.3461509","112.6033405","https://www.google.com/maps/search/?api=1&query=-7.3461509,112.6033405","https://www.google.com/search?tbm=map&q=Gardu%20Induk%20GITET%20500KV%20KRIAN&hl=id&gl=id","verified_candidate"
"MTU-GI-UPT-PBG-GI-150KV-BANYUWANGI","GI 150KV BANYUWANGI","UPT-PBG","MTU-ULTG-UPT-PBG-JEMBER","-8.1892259","114.3563792","https://www.google.com/maps/search/?api=1&query=-8.1892259,114.3563792","https://www.google.com/search?tbm=map&q=Gardu%20Induk%20BANYUWANGI&hl=id&gl=id","verified_candidate"
"MTU-GI-UPT-PBG-GI-150KV-BONDOWOSO-c88c936464daa4a8","GI 150KV BONDOWOSO","UPT-PBG","MTU-ULTG-UPT-PBG-JEMBER","-7.9373067","113.8333483","https://www.google.com/maps/search/?api=1&query=-7.9373067,113.8333483","https://www.google.com/search?tbm=map&q=Gardu%20Induk%20BONDOWOSO&hl=id&gl=id","verified_candidate"
"MTU-GI-UPT-PBG-GI-150KV-BULUKANDANG","GI 150KV BULUKANDANG","UPT-PBG","MTU-ULTG-UPT-PBG-BANGIL","-7.7006238","112.6875411","https://www.google.com/maps/search/?api=1&query=-7.7006238,112.6875411","https://www.google.com/search?tbm=map&q=Gardu%20Induk%20BULUKANDANG&hl=id&gl=id","verified_candidate"
"MTU-GI-UPT-PBG-GI-150KV-BUMICOKRO","GI 150KV BUMICOKRO","UPT-PBG","MTU-ULTG-UPT-PBG-BANGIL","-7.6060143","112.7246604","https://www.google.com/maps/search/?api=1&query=-7.6060143,112.7246604","https://www.google.com/search?tbm=map&q=Gardu%20Induk%20BUMICOKRO&hl=id&gl=id","verified_candidate"
"MTU-GI-UPT-PBG-GI-150KV-GENDING-92c7e4523564b825","GI 150KV GENDING","UPT-PBG","MTU-ULTG-UPT-PBG-PROBOLINGGO","-7.7971197","113.3136346","https://www.google.com/maps/search/?api=1&query=-7.7971197,113.3136346","https://www.google.com/search?tbm=map&q=Gardu%20Induk%20GENDING&hl=id&gl=id","verified_candidate"
"MTU-GI-UPT-PBG-GI-150KV-GENTENG-ee8b88d07fa1df65","GI 150KV GENTENG","UPT-PBG","MTU-ULTG-UPT-PBG-JEMBER","","","","https://www.google.com/search?tbm=map&q=Gardu%20Induk%20GENTENG&hl=id&gl=id","unverified"
"MTU-GI-UPT-PBG-GI-150KV-GONDANGWETAN","GI 150KV GONDANGWETAN","UPT-PBG","MTU-ULTG-UPT-PBG-BANGIL","-7.687111","112.8951273","https://www.google.com/maps/search/?api=1&query=-7.687111,112.8951273","https://www.google.com/search?tbm=map&q=Gardu%20Induk%20GONDANGWETAN&hl=id&gl=id","verified_candidate"
"MTU-GI-UPT-PBG-GI-150KV-GRATI","GI 150KV GRATI","UPT-PBG","MTU-ULTG-UPT-PBG-PROBOLINGGO","","","","https://www.google.com/search?tbm=map&q=Gardu%20Induk%20GRATI&hl=id&gl=id","manual_review"
"MTU-GI-UPT-PBG-GI-150KV-JEMBER","GI 150KV JEMBER","UPT-PBG","MTU-ULTG-UPT-PBG-JEMBER","-8.1901849","113.6993422","https://www.google.com/maps/search/?api=1&query=-8.1901849,113.6993422","https://www.google.com/search?tbm=map&q=Gardu%20Induk%20JEMBER&hl=id&gl=id","verified_candidate"
"MTU-GI-UPT-PBG-GI-150KV-KIS","GI 150KV KIS","UPT-PBG","MTU-ULTG-UPT-PBG-BANGIL","-7.544943","112.77185","https://www.google.com/maps/search/?api=1&query=-7.544943,112.77185","https://www.google.com/search?tbm=map&q=Gardu%20Induk%20KIS&hl=id&gl=id","verified_candidate"
"MTU-GI-UPT-PBG-GI-150KV-KRAKSAAN","GI 150KV KRAKSAAN","UPT-PBG","MTU-ULTG-UPT-PBG-PROBOLINGGO","-7.7794981","113.4274236","https://www.google.com/maps/search/?api=1&query=-7.7794981,113.4274236","https://www.google.com/search?tbm=map&q=Gardu%20Induk%20KRAKSAAN&hl=id&gl=id","verified_candidate"
"MTU-GI-UPT-PBG-GI-150KV-LUMAJANG","GI 150KV LUMAJANG","UPT-PBG","MTU-ULTG-UPT-PBG-JEMBER","-8.1287344","113.2133275","https://www.google.com/maps/search/?api=1&query=-8.1287344,113.2133275","https://www.google.com/search?tbm=map&q=Gardu%20Induk%20LUMAJANG&hl=id&gl=id","verified_candidate"
"MTU-GI-UPT-PBG-GI-150KV-NEWPANDAAN-d8f3e4f7d877aade","GI 150KV NEWPANDAAN","UPT-PBG","MTU-ULTG-UPT-PBG-BANGIL","","","","https://www.google.com/search?tbm=map&q=Gardu%20Induk%20NEWPANDAAN&hl=id&gl=id","unverified"
"MTU-GI-UPT-PBG-GI-150KV-NEWPORONG-3a7f82e0b8123577","GI 150KV NEWPORONG","UPT-PBG","MTU-ULTG-UPT-PBG-BANGIL","-7.5664272","112.7057157","https://www.google.com/maps/search/?api=1&query=-7.5664272,112.7057157","https://www.google.com/search?tbm=map&q=GI%20NEWPORONG&hl=id&gl=id","verified_candidate_final"
"MTU-GI-UPT-PBG-GI-150KV-PAITON","GI 150KV PAITON","UPT-PBG","MTU-ULTG-UPT-PBG-PROBOLINGGO","","","","https://www.google.com/search?tbm=map&q=Gardu%20Induk%20PAITON&hl=id&gl=id","manual_review"
"MTU-GI-UPT-PBG-GI-150KV-PIER","GI 150KV PIER","UPT-PBG","MTU-ULTG-UPT-PBG-BANGIL","-7.6277246","112.8136111","https://www.google.com/maps/search/?api=1&query=-7.6277246,112.8136111","https://www.google.com/search?tbm=map&q=Gardu%20Induk%20PIER&hl=id&gl=id","verified_candidate"
"MTU-GI-UPT-PBG-GI-150KV-PROBOLINGGO","GI 150KV PROBOLINGGO","UPT-PBG","MTU-ULTG-UPT-PBG-PROBOLINGGO","-7.7641588","113.2128412","https://www.google.com/maps/search/?api=1&query=-7.7641588,113.2128412","https://www.google.com/search?tbm=map&q=Gardu%20Induk%20PROBOLINGGO&hl=id&gl=id","verified_candidate"
"MTU-GI-UPT-PBG-GI-150KV-PUGER-cfb2f1df35d1eb29","GI 150KV PUGER","UPT-PBG","MTU-ULTG-UPT-PBG-JEMBER","-8.3428813","113.494323","https://www.google.com/maps/search/?api=1&query=-8.3428813,113.494323","https://www.google.com/search?tbm=map&q=Gardu%20Induk%20PUGER&hl=id&gl=id","verified_candidate"
"MTU-GI-UPT-PBG-GI-150KV-PURWOSARI-b5962ce5b4bbe7b9","GI 150KV PURWOSARI","UPT-PBG","MTU-ULTG-UPT-PBG-BANGIL","-7.7679049","112.759718","https://www.google.com/maps/search/?api=1&query=-7.7679049,112.759718","https://www.google.com/search?tbm=map&q=Gardu%20Induk%20PURWOSARI&hl=id&gl=id","verified_candidate"
"MTU-GI-UPT-PBG-GI-150KV-REJOSO","GI 150KV REJOSO","UPT-PBG","MTU-ULTG-UPT-PBG-BANGIL","-7.6943336","112.965609","https://www.google.com/maps/search/?api=1&query=-7.6943336,112.965609","https://www.google.com/search?tbm=map&q=Gardu%20Induk%20REJOSO&hl=id&gl=id","verified_candidate"
"MTU-GI-UPT-PBG-GI-150KV-SITUBONDO","GI 150KV SITUBONDO","UPT-PBG","MTU-ULTG-UPT-PBG-JEMBER","-7.7169664","114.0184029","https://www.google.com/maps/search/?api=1&query=-7.7169664,114.0184029","https://www.google.com/search?tbm=map&q=Gardu%20Induk%20SITUBONDO&hl=id&gl=id","verified_candidate"
"MTU-GI-UPT-PBG-GI-150KV-TANGGUL","GI 150KV TANGGUL","UPT-PBG","MTU-ULTG-UPT-PBG-JEMBER","-8.1774534","113.4515416","https://www.google.com/maps/search/?api=1&query=-8.1774534,113.4515416","https://www.google.com/search?tbm=map&q=Gardu%20Induk%20TANGGUL&hl=id&gl=id","verified_candidate"
"MTU-GI-UPT-PBG-GI-70KV-BANGIL-f9e6a8fb60524ffd","GI 70KV BANGIL","UPT-PBG","MTU-ULTG-UPT-PBG-BANGIL","-7.676901","112.7427168","https://www.google.com/maps/search/?api=1&query=-7.676901,112.7427168","https://www.google.com/search?tbm=map&q=Gardu%20Induk%20BANGIL&hl=id&gl=id","verified_candidate"
"MTU-GI-UPT-PBG-GI-70KV-PANDAAN-0bfcc35363ccec1e","GI 70KV PANDAAN","UPT-PBG","MTU-ULTG-UPT-PBG-BANGIL","-7.6388952","112.7017961","https://www.google.com/maps/search/?api=1&query=-7.6388952,112.7017961","https://www.google.com/search?tbm=map&q=Gardu%20Induk%20PANDAAN&hl=id&gl=id","verified_candidate"
"MTU-GI-UPT-PBG-GI-70KV-SUKOREJO-35bdcf5abce64346","GI 70KV SUKOREJO","UPT-PBG","MTU-ULTG-UPT-PBG-BANGIL","-7.7396368","112.7281168","https://www.google.com/maps/search/?api=1&query=-7.7396368,112.7281168","https://www.google.com/search?tbm=map&q=Gardu%20Induk%20SUKOREJO&hl=id&gl=id","verified_candidate"
"MTU-GI-UPT-PBG-GIS-150KV-BANGIL-dca4eb4fe03e3263","GIS 150KV BANGIL","UPT-PBG","MTU-ULTG-UPT-PBG-BANGIL","-7.676901","112.7427168","https://www.google.com/maps/search/?api=1&query=-7.676901,112.7427168","https://www.google.com/search?tbm=map&q=Gardu%20Induk%20BANGIL&hl=id&gl=id","verified_candidate"
"MTU-GI-UPT-PBG-GISTET-500KV-PAITON","GISTET 500KV PAITON","UPT-PBG","MTU-ULTG-UPT-PBG-PROBOLINGGO","-7.7184905","113.5817125","https://www.google.com/maps/search/?api=1&query=-7.7184905,113.5817125","https://www.google.com/search?tbm=map&q=Gardu%20Induk%20PAITON&hl=id&gl=id","verified_candidate"
"MTU-GI-UPT-PBG-GITET-500KV-GRATI","GITET 500KV GRATI","UPT-PBG","MTU-ULTG-UPT-PBG-PROBOLINGGO","","","","https://www.google.com/search?tbm=map&q=Gardu%20Induk%20GITET%20500KV%20GRATI&hl=id&gl=id","manual_review"
"MTU-GI-UPT-SBY-GI-150KV-BABADAN-69125836f207c37f","GI 150KV BABADAN","UPT-SBY","ULTG-28V8Y3","-7.3890138","112.6755243","https://www.google.com/maps/search/?api=1&query=-7.3890138,112.6755243","https://www.google.com/search?tbm=map&q=Gardu%20Induk%20BABADAN&hl=id&gl=id","verified_candidate"
"MTU-GI-UPT-SBY-GI-150KV-BUDURAN-8c4a8a51f6cb6e3a","GI 150KV BUDURAN","UPT-SBY","ULTG-28V8Y3","-7.4235055","112.7215156","https://www.google.com/maps/search/?api=1&query=-7.4235055,112.7215156","https://www.google.com/search?tbm=map&q=Gardu%20Induk%20BUDURAN&hl=id&gl=id","verified_candidate"
"MTU-GI-UPT-SBY-GI-150KV-ISPATINDO-1ffbb085a1828416","GI 150KV ISPATINDO","UPT-SBY","ULTG-28V8Y3","","","","https://www.google.com/search?tbm=map&q=Gardu%20Induk%20ISPATINDO&hl=id&gl=id","unverified"
"MTU-GI-UPT-SBY-GI-150KV-KALISARI-371cbb4cfcfe32e7","GI 150KV KALISARI","UPT-SBY","ULTG-PLNM","-7.2709968","112.7970721","https://www.google.com/maps/search/?api=1&query=-7.2709968,112.7970721","https://www.google.com/search?tbm=map&q=Gardu%20Induk%20KALISARI&hl=id&gl=id","verified_candidate"
"MTU-GI-UPT-SBY-GI-150KV-KENJERAN","GI 150KV KENJERAN","UPT-SBY","ULTG-PLNM","-7.2548462","112.7708428","https://www.google.com/maps/search/?api=1&query=-7.2548462,112.7708428","https://www.google.com/search?tbm=map&q=Gardu%20Induk%20KENJERAN&hl=id&gl=id","verified_candidate"
"MTU-GI-UPT-SBY-GI-150KV-PERAK","GI 150KV PERAK","UPT-SBY","ULTG-PLNM","-7.2085871","112.7228738","https://www.google.com/maps/search/?api=1&query=-7.2085871,112.7228738","https://www.google.com/search?tbm=map&q=GI%20PERAK&hl=id&gl=id","verified_candidate_final"
"MTU-GI-UPT-SBY-GI-150KV-RUNGKUT","GI 150KV RUNGKUT","UPT-SBY","ULTG-28V8Y3","-7.3409266","112.7472218","https://www.google.com/maps/search/?api=1&query=-7.3409266,112.7472218","https://www.google.com/search?tbm=map&q=Gardu%20Induk%20RUNGKUT&hl=id&gl=id","verified_candidate"
"MTU-GI-UPT-SBY-GI-150KV-SEDATI-901c4a7ab44fb222","GI 150KV SEDATI","UPT-SBY","ULTG-28V8Y3","-7.3953371","112.7618523","https://www.google.com/maps/search/?api=1&query=-7.3953371,112.7618523","https://www.google.com/search?tbm=map&q=Gardu%20Induk%20SEDATI&hl=id&gl=id","verified_candidate"
"MTU-GI-UPT-SBY-GI-150KV-SIDOARJO","GI 150KV SIDOARJO","UPT-SBY","ULTG-28V8Y3","-7.4954419","112.7002192","https://www.google.com/maps/search/?api=1&query=-7.4954419,112.7002192","https://www.google.com/search?tbm=map&q=GI%20SIDOARJO&hl=id&gl=id","verified_candidate_final"
"MTU-GI-UPT-SBY-GI-150KV-SUKOLILO","GI 150KV SUKOLILO","UPT-SBY","ULTG-PLNM","-7.2901149","112.770318","https://www.google.com/maps/search/?api=1&query=-7.2901149,112.770318","https://www.google.com/search?tbm=map&q=Gardu%20Induk%20SUKOLILO&hl=id&gl=id","verified_candidate"
"MTU-GI-UPT-SBY-GI-150KV-SURABAYA-SELATAN-2f87665cca1bec95","GI 150KV SURABAYA SELATAN","UPT-SBY","ULTG-PLNM","-7.3084227","112.8086877","https://www.google.com/maps/search/?api=1&query=-7.3084227,112.8086877","https://www.google.com/search?tbm=map&q=Gardu%20Induk%20SURABAYA%20SELATAN&hl=id&gl=id","verified_candidate"
"MTU-GI-UPT-SBY-GI-70KV-BUDURAN","GI 70KV BUDURAN","UPT-SBY","ULTG-28V8Y3","-7.4235055","112.7215156","https://www.google.com/maps/search/?api=1&query=-7.4235055,112.7215156","https://www.google.com/search?tbm=map&q=Gardu%20Induk%20BUDURAN&hl=id&gl=id","verified_candidate"
"MTU-GI-UPT-SBY-GI-70KV-MASPION-f080564f461c13a5","GI 70KV MASPION","UPT-SBY","ULTG-28V8Y3","-7.3751745","112.7208175","https://www.google.com/maps/search/?api=1&query=-7.3751745,112.7208175","https://www.google.com/search?tbm=map&q=GI%20MASPION&hl=id&gl=id","verified_candidate_final"
"MTU-GI-UPT-SBY-GI-70KV-PERAK-d0c571aac92baa74","GI 70KV PERAK","UPT-SBY","ULTG-PLNM","-7.2085871","112.7228738","https://www.google.com/maps/search/?api=1&query=-7.2085871,112.7228738","https://www.google.com/search?tbm=map&q=GI%20PERAK&hl=id&gl=id","verified_candidate_final"
"MTU-GI-UPT-SBY-GI-70KV-PORONG-9d09bac5620c9838","GI 70KV PORONG","UPT-SBY","ULTG-28V8Y3","-7.5323104","112.70145","https://www.google.com/maps/search/?api=1&query=-7.5323104,112.70145","https://www.google.com/search?tbm=map&q=Gardu%20Induk%20PORONG&hl=id&gl=id","verified_candidate"
"MTU-GI-UPT-SBY-GI-70KV-WARU-dd1a5350d6e76139","GI 70KV WARU","UPT-SBY","ULTG-28V8Y3","","","","https://www.google.com/search?tbm=map&q=PLN%20GI%20WARU&hl=id&gl=id","manual_review_duplicate_voltage"
"MTU-GI-UPT-SBY-GIS-150KV-BUDURAN","GIS 150KV BUDURAN","UPT-SBY","ULTG-28V8Y3","-7.4235055","112.7215156","https://www.google.com/maps/search/?api=1&query=-7.4235055,112.7215156","https://www.google.com/search?tbm=map&q=Gardu%20Induk%20BUDURAN&hl=id&gl=id","verified_candidate"
"MTU-GI-UPT-SBY-GIS-150KV-DARMOGRANDE-a67578b02ffdc8cc","GIS 150KV DARMOGRANDE","UPT-SBY","ULTG-28V8Y3","-7.2879837","112.6746935","https://www.google.com/maps/search/?api=1&query=-7.2879837,112.6746935","https://www.google.com/search?tbm=map&q=Gardu%20Induk%20DARMOGRANDE&hl=id&gl=id","verified_candidate"
"MTU-GI-UPT-SBY-GIS-150KV-GEMBONG-8e7400e7f106e92e","GIS 150KV GEMBONG","UPT-SBY","ULTG-PLNM","","","","https://www.google.com/search?tbm=map&q=Gardu%20Induk%20GEMBONG&hl=id&gl=id","unverified"
"MTU-GI-UPT-SBY-GIS-150KV-GUNUNGSARI-bc6cbd81ae15af30","GIS 150KV GUNUNGSARI","UPT-SBY","ULTG-28V8Y3","-7.302676","112.7066841","https://www.google.com/maps/search/?api=1&query=-7.302676,112.7066841","https://www.google.com/search?tbm=map&q=Gardu%20Induk%20GUNUNGSARI&hl=id&gl=id","verified_candidate"
"MTU-GI-UPT-SBY-GIS-150KV-KEDINDING-19e9eb5c9221b594","GIS 150KV KEDINDING","UPT-SBY","ULTG-PLNM","-7.2221693","112.7817723","https://www.google.com/maps/search/?api=1&query=-7.2221693,112.7817723","https://www.google.com/search?tbm=map&q=Gardu%20Induk%20KEDINDING&hl=id&gl=id","verified_candidate"
"MTU-GI-UPT-SBY-GIS-150KV-KREMBANGAN-2506142a668daf93","GIS 150KV KREMBANGAN","UPT-SBY","ULTG-PLNM","-7.2244615","112.7250587","https://www.google.com/maps/search/?api=1&query=-7.2244615,112.7250587","https://www.google.com/search?tbm=map&q=Gardu%20Induk%20KREMBANGAN&hl=id&gl=id","verified_candidate"
"MTU-GI-UPT-SBY-GIS-150KV-KUPANG-ebcb792fdcc3b3e1","GIS 150KV KUPANG","UPT-SBY","ULTG-PLNM","-7.2683618","112.7355579","https://www.google.com/maps/search/?api=1&query=-7.2683618,112.7355579","https://www.google.com/search?tbm=map&q=Gardu%20Induk%20KUPANG&hl=id&gl=id","verified_candidate"
"MTU-GI-UPT-SBY-GIS-150KV-NGAGEL-72a9e0d9c2db86b2","GIS 150KV NGAGEL","UPT-SBY","ULTG-PLNM","-7.288946","112.7488941","https://www.google.com/maps/search/?api=1&query=-7.288946,112.7488941","https://www.google.com/search?tbm=map&q=Gardu%20Induk%20NGAGEL&hl=id&gl=id","verified_candidate"
"MTU-GI-UPT-SBY-GIS-150KV-SAWAHAN","GIS 150KV SAWAHAN","UPT-SBY","ULTG-PLNM","-7.2545281","112.7135323","https://www.google.com/maps/search/?api=1&query=-7.2545281,112.7135323","https://www.google.com/search?tbm=map&q=GI%20SAWAHAN&hl=id&gl=id","verified_candidate_final"
"MTU-GI-UPT-SBY-GIS-150KV-SIMPANG-cac9dee9a1af7c9e","GIS 150KV SIMPANG","UPT-SBY","ULTG-PLNM","-7.2644792","112.7516811","https://www.google.com/maps/search/?api=1&query=-7.2644792,112.7516811","https://www.google.com/search?tbm=map&q=Gardu%20Induk%20SIMPANG&hl=id&gl=id","verified_candidate"
"MTU-GI-UPT-SBY-GIS-150KV-UJUNG-be6932d54c3def1e","GIS 150KV UJUNG","UPT-SBY","ULTG-PLNM","","","","https://www.google.com/search?tbm=map&q=Gardu%20Induk%20UJUNG&hl=id&gl=id","unverified"
"MTU-GI-UPT-SBY-GIS-150KV-UNDAAN-cc8767a7757dd144","GIS 150KV UNDAAN","UPT-SBY","ULTG-PLNM","-7.254931","112.74265","https://www.google.com/maps/search/?api=1&query=-7.254931,112.74265","https://www.google.com/search?tbm=map&q=Gardu%20Induk%20UNDAAN&hl=id&gl=id","verified_candidate"
"MTU-GI-UPT-SBY-GIS-150KV-WARU","GIS 150KV WARU","UPT-SBY","ULTG-28V8Y3","","","","https://www.google.com/search?tbm=map&q=PLN%20GI%20WARU&hl=id&gl=id","manual_review_duplicate_voltage"
"MTU-GI-UPT-SBY-GIS-150KV-WONOKROMO-3f5ab3516836a2dc","GIS 150KV WONOKROMO","UPT-SBY","ULTG-PLNM","","","","https://www.google.com/search?tbm=map&q=Gardu%20Induk%20WONOKROMO&hl=id&gl=id","unverified"
